"Screen_Tech","Avg_mode_power","Star Rating Index","Screen Size (in inches)"
"LCD",14,7.1315097403651855,23.518110236220473
"LCD",14.9,5.212460574539416,18.509055118110236
"LCD",15.1,6.143886819769821,23.53307086614173
"LCD",15.3,7.535523401336893,27.024409448818897
"LCD",15.85,6.309656677494295,24.499212598425196
"LCD",15.8718,5.065515602883841,18.509055118110236
"LCD",17.766,6.014805925255865,23.55275590551181
"LCD",19.8,5.522126954239557,23.55236220472441
"LCD",20.2,5.171129579153095,23.53307086614173
"LCD",20.94,5.395247284012249,23.53307086614173
"LCD",21.6,5.015147527236708,23.553937007874016
"LCD",21.96,5.075471344694654,23.74763779527559
"LCD",22,5.063138326718788,23.53307086614173
"LCD",22,5.082021380470149,23.806299212598425
"LCD",22.1,5.121511445327967,23.55275590551181
"LCD",22.6,4.798447235076666,23.708661417322833
"LCD",23.5,6.698258847494166,31.517322834645668
"LCD",23.798,6.179725793837952,31.888582677165353
"LCD",23.8,6.749526906773145,31.512992125984255
"LCD",24.2,4.709136101392171,23.55275590551181
"LCD",24.3,6.020492681744969,31.521653543307085
"LCD",24.48,8.250935841299443,39.50905511811023
"LCD",25.08,4.498955827602561,24.264960629921262
"LCD",25.2,3.9760647614621036,21.506299212598424
"LCD",25.21,6.330835824725629,31.57086614173228
"LCD",25.3,4.563780004108044,23.55275590551181
"LCD",26.7,6.271133890295119,31.517322834645668
"LCD",27,6.182698305345105,31.512992125984255
"LCD",27,6.18269830534511,31.512992125984255
"LCD",28,6.04521473860549,31.48307086614173
"LCD",28.1,3.44650912314627,21.414173228346456
"LCD",28.2,6.007730994096279,31.511023622047244
"LCD",28.7,4.050316322792688,23.807086614173226
"LCD",29.22,5.890292548310127,31.536614173228344
"LCD",29.5,5.156154771963844,31.512992125984255
"LCD",30.28,3.8510476715487516,23.816141732283466
"LCD",31.814,5.03098766900437,31.42952755905512
"LCD",31.9,5.532205229661681,31.5507874015748
"LCD",31.92,5.447255105927289,31.511417322834646
"LCD",31.98,3.536463658690008,23.807086614173226
"LCD",32.18,5.483988771987925,31.644094488188976
"LCD",32.7,5.025863763302918,31.39527559055118
"LCD",33.6,5.156154771963844,31.512992125984255
"LCD",34.296,5.03098766900437,31.42952755905512
"LCD",34.67,5.086738931330573,31.518503937007875
"LCD",35,6.01894107318675,39.50551181102362
"LCD",35.2,5.0167187257265855,31.511417322834646
"LCD",35.2,5.017184873170333,31.512992125984255
"LCD",35.3,6.659234751103845,39.49015748031496
"LCD",35.8,6.02250331621821,39.49015748031496
"LCD",36.7,5.118073049588307,39.681496062992125
"LCD",38.2,6.404224337872835,41.50472440944882
"LCD",38.82,5.9088766847059,39.4748031496063
"LCD",39,4.561680559205172,31.511417322834646
"LCD",39.8,6.148719852583788,43.096456692913385
"LCD",39.9,6.047894906355869,39.45551181102362
"LCD",40,6.082256469696936,39.49015748031496
"LCD",40.1,6.233877748445914,42.5011811023622
"LCD",41.95,5.908618544413956,39.5007874015748
"LCD",42.3,6.2175519584591425,41.494488188976376
"LCD",44.2,6.04961468920546,42.51102362204724
"LCD",44.6,6.04803737891574,42.50236220472441
"LCD",45.012,5.479867364841652,42.572834645669296
"LCD",46.6,5.667604564713657,41.598031496062994
"LCD",46.8,5.016571587863471,39.49015748031496
"LCD",47.23,5.337279013508535,39.502362204724406
"LCD",49.8,5.0439570038645645,39.5011811023622
"LCD",49.98,4.636007606228578,42.44645669291338
"LCD",50.5,5.118073049588307,39.681496062992125
"LCD",51.49,5.580525627381117,42.514566929133856
"LCD",53.26,5.468284088523051,42.519291338582676
"LCD",53.8,6.056850653631297,49.463779527559055
"LCD",54.04,5.388613081049771,42.46574803149606
"LCD",54.6,6.16337591126587,49.5003937007874
"LCD",54.82,6.523778740910417,49.5003937007874
"LCD",55,6.501756976116015,49.5003937007874
"LCD",55.635,5.255491804459134,42.46574803149606
"LCD",56.7,6.0624515145983064,49.4988188976378
"LCD",57.474,5.109199295997805,42.5
"LCD",57.6,4.506395613917393,41.494488188976376
"LCD",57.79,4.670531682207281,42.514566929133856
"LCD",59.24,4.9399410860390915,42.51496062992126
"LCD",59.7,6.1612671006942135,49.49803149606299
"LCD",60.73,5.489942004042138,49.249212598425196
"LCD",62.5,6.02167727117258,54.63897637795275
"LCD",65,4.553267260591147,42.5
"LCD",66.49,5.087619010444134,45.98779527559055
"LCD",66.62,5.660674594560302,49.49803149606299
"LCD",68.5,6.02167727117258,54.63897637795275
"LCD",68.98,6.316416078038494,54.492913385826775
"LCD",69.15,5.891771940265505,54.63897637795275
"LCD",69.6,6.292298502011051,54.64488188976378
"LCD",69.64,6.293361671010194,54.63897637795275
"LCD",70.2,3.955295133705826,41.50196850393701
"LCD",71.99,5.295678364518265,49.5003937007874
"LCD",72.4,5.15546094080525,54.63897637795275
"LCD",73,4.04530322613127,42.485039370078745
"LCD",74.1,5.163161822916445,49.4988188976378
"LCD",74.9,6.41491902321079,57.49566929133858
"LCD",75.2,6.066493718730974,57.534645669291336
"LCD",75.58,5.952001359469709,54.85511811023622
"LCD",76.044,4.506588374804526,54.572047244094485
"LCD",77.2,5.673122717009529,54.63897637795275
"LCD",80.7,6.414531262205091,60.01732283464566
"LCD",81.288,6.3902899068173715,60.10354330708662
"LCD",82.242,5.567672672535419,54.63897637795275
"LCD",83,4.5775213770665735,49.463779527559055
"LCD",83,5.504033537069173,54.61062992125985
"LCD",83.5,4.64079022183769,49.65866141732283
"LCD",84.4,4.005266563232905,49.35629921259842
"LCD",85.3,6.085122727853401,60.10944881889763
"LCD",85.767,4.554792152697652,49.5003937007874
"LCD",85.97,6.142473468159193,60.10354330708662
"LCD",87,5.2888840563711685,54.61062992125985
"LCD",87.96,4.903531155172063,54.64488188976378
"LCD",90.1,5.634761250243758,64.4996062992126
"LCD",90.6,5.495506590465612,57.49094488188976
"LCD",92.076,6.4118221171542435,64.5259842519685
"LCD",92.1,5.034877339973175,54.63897637795275
"LCD",92.2,6.0310290169034175,64.48464566929134
"LCD",93,6.012924571152087,64.44173228346456
"LCD",93.324,4.522165303383788,54.64488188976378
"LCD",93.53,6.346398763733665,64.5259842519685
"LCD",94.65,4.014220466297351,64.4996062992126
"LCD",94.65,6.152760171397917,64.2251968503937
"LCD",94.8,4.887294325626479,54.61062992125985
"LCD",94.96,4.903531155172063,54.64488188976378
"LCD",95.7,6.194622482710446,69.50590551181102
"LCD",96.1,6.1556252552474255,64.52637795275591
"LCD",96.3,6.033987822258522,64.51889763779526
"LCD",96.3,6.156774136390153,64.51889763779526
"LCD",96.56,3.759398017402434,49.49803149606299
"LCD",96.612,3.7556918786576565,49.463779527559055
"LCD",96.72,6.033054772910929,64.60669291338583
"LCD",97.36,4.789429429855246,54.64488188976378
"LCD",97.8,6.03164379048884,69.50590551181102
"LCD",98.15,6.057174536739563,64.5259842519685
"LCD",98.3,5.1487481108432895,57.50708661417323
"LCD",99.75,6.194424149067254,69.51574803149606
"LCD",100.2,4.292298502011051,54.64488188976378
"LCD",100.2,6.642364202133211,69.5244094488189
"LCD",101.98,3.7951848555621974,49.6503937007874
"LCD",102,4.570491731771872,54.492913385826775
"LCD",102.36,3.74369813786958,49.31141732283465
"LCD",102.7,4.546877182237033,54.63897637795275
"LCD",104,5.885695095406638,64.4996062992126
"LCD",104.4,6.071536396448587,65.73661417322835
"LCD",105.8,4.025599758439423,57.42716535433071
"LCD",106.02,3.9810903951176293,54.73307086614173
"LCD",107.4,6.37351524694427,69.5244094488189
"LCD",108.1,6.090373500678537,74.49566929133857
"LCD",108.294,6.367605973033433,69.50196850393701
"LCD",109.33,5.236011627970378,64.52637795275591
"LCD",110.12,4.247706889147649,54.64488188976378
"LCD",110.15,6.114926249682608,69.50078740157481
"LCD",110.3,5.030432129486525,60.10354330708662
"LCD",110.72,3.404361801540006,49.49803149606299
"LCD",111.438,5.605759980143996,64.5259842519685
"LCD",112.52,3.3387788732758996,49.49803149606299
"LCD",113,4.123905176605657,54.61062992125985
"LCD",113.136,5.089853889610663,64.51456692913385
"LCD",114.8,5.053020882854866,64.4996062992126
"LCD",115.1,4.053423000980519,54.63897637795275
"LCD",115.9,4.0111451391386845,54.63897637795275
"LCD",118.54,6.111683070634075,74.52992125984252
"LCD",121.7,5.1556252552474255,64.52637795275591
"LCD",122.59,5.155671251474673,64.5259842519685
"LCD",124.968,4.5493455240483325,64.2251968503937
"LCD",126,6.0213337487811565,74.44881889763779
"LCD",126.1,5.028042775750691,64.5259842519685
"LCD",126.52,3.627166105201241,54.64488188976378
"LCD",128.08,5.109134253503442,69.50590551181102
"LCD",128.74,3.5282836321416333,54.718110236220475
"LCD",130.03,4.897938042835031,64.50393700787401
"LCD",132.4,4.778103074039818,64.55314960629921
"LCD",133.54,6.002391582031314,74.54330708661418
"LCD",137.7,4.638914904128455,64.5259842519685
"LCD",140.1,5.182435338522252,69.51338582677165
"LCD",143.934,4.223907358866596,64.5259842519685
"LCD",145.2,5.055950764254519,69.50314960629922
"LCD",147.21,4.339714643878866,64.51889763779526
"LCD",148.05,4.323802247529118,64.56811023622046
"LCD",151.23,3.5912491629830012,64.5259842519685
"LCD",153.11,4.819594333692885,69.5035433070866
"LCD",154.23,5.035437844893429,74.54330708661418
"LCD",156,4.076463412951497,64.4996062992126
"LCD",159,6.1069319216521025,84.56023622047243
"LCD",159.1,6.1810066679482025,84.56023622047243
"LCD",161.454,4.578557884086625,69.5035433070866
"LCD",161.64,5.151965446941944,74.51732283464567
"LCD",161.8,5.132377699998513,74.54251968503937
"LCD",162.1,5.094795270514794,74.54330708661418
"LCD",168.23,3.7390014289433626,64.60669291338583
"LCD",169.97,6.068349670732032,85.60039370078741
"LCD",170.6,5.652614374321411,81.58149606299213
"LCD",170.9,5.679405703901,81.56889763779527
"LCD",173,3.5643430809874426,64.51889763779526
"LCD",182,4.618566592645355,74.52992125984252
"LCD",184.3,3.8723248944018116,69.50590551181102
"LCD",188.97,4.452167843042404,74.51417322834645
"LCD",191.4,4.033579729089,74.45708661417324
"LCD",193.8,5.052451260960333,81.56889763779527
"LCD",198,3.0007306870974766,64.42677165354331
"LCD",198.7,4.001516742092548,74.42283464566928
"LCD",201.99,2.5060879601601536,64.51889763779526
"LCD",204.81,3.742547514126096,74.52992125984252
"LCD",206,4.015959057823576,74.52992125984252
"LCD",214.416,6.004257528110983,97.51771653543307
"LCD",219,3.7494618775851736,74.53582677165355
"LCD",221,4.792068114441976,84.56023622047243
"LCD",221.6,3.7098681994864435,74.18267716535433
"LCD",227.32,3.6298065505640733,74.54330708661418
"LCD",232.36,3.5201970258672066,74.63740157480315
"LCD",234.49,2.2600521183951523,64.5488188976378
"LCD",257.2,3.9823192599593313,84.56023622047243
"LCD",306.3,3.1881826824802952,84.56023622047243
"LCD (LED)",14.61,5.138385828243317,18.509055118110236
"LCD (LED)",14.7,4.692023881003697,15.546062992125984
"LCD (LED)",14.83,6.148231374847027,23.807086614173226
"LCD (LED)",15.1,4.534764934443967,15.546062992125984
"LCD (LED)",15.1,6.143886819769821,23.53307086614173
"LCD (LED)",15.1,6.571011776968867,23.53307086614173
"LCD (LED)",15.12,5.065515602883841,18.509055118110236
"LCD (LED)",15.3,5.364387670240893,18.509055118110236
"LCD (LED)",15.38,6.651375912212433,23.553937007874016
"LCD (LED)",15.8694,5.065515602883841,18.509055118110236
"LCD (LED)",15.87,8.51651414520261,31.512992125984255
"LCD (LED)",16.07,6.014805925255865,23.55275590551181
"LCD (LED)",16.1448,5.065515602883841,18.509055118110236
"LCD (LED)",16.1569,5.185512454710998,18.42007874015748
"LCD (LED)",16.1569,5.356171502503779,19.020866141732284
"LCD (LED)",16.17,5.063138326718788,23.53307086614173
"LCD (LED)",16.2,6.076495773620495,23.53307086614173
"LCD (LED)",16.3,5.880197819230076,23.53307086614173
"LCD (LED)",16.33,5.583285571635198,23.806692913385827
"LCD (LED)",16.5,5.880197819230076,23.53307086614173
"LCD (LED)",16.9,5.9446797967165725,23.53307086614173
"LCD (LED)",17.0946,5.884900594348791,23.55275590551181
"LCD (LED)",17.14,6.284042377750066,23.807086614173226
"LCD (LED)",17.1498,5.884900594348791,23.55275590551181
"LCD (LED)",17.38,6.206406424105242,23.498818897637793
"LCD (LED)",17.48,5.951933420456607,23.807086614173226
"LCD (LED)",17.74,4.716688671366295,18.501968503937007
"LCD (LED)",17.74,5.884900594348791,23.55275590551181
"LCD (LED)",17.8,5.406335965700415,21.450787401574804
"LCD (LED)",17.8,6.081540150720054,23.553937007874016
"LCD (LED)",18,6.01010315013715,23.53307086614173
"LCD (LED)",18,6.010103150137152,23.53307086614173
"LCD (LED)",18.4,5.067844048828729,23.55275590551181
"LCD (LED)",18.47,4.212460574539415,18.509055118110236
"LCD (LED)",18.49,4.212460574539415,18.509055118110236
"LCD (LED)",18.64,4.981140909861917,21.53031496062992
"LCD (LED)",18.72,5.173357206775349,23.541732283464565
"LCD (LED)",19.6,4.757909454846906,23.546850393700787
"LCD (LED)",19.64,5.702901571552478,23.807086614173226
"LCD (LED)",19.8,5.171129579153095,23.53307086614173
"LCD (LED)",20.12,5.053262883445185,23.659448818897637
"LCD (LED)",20.19,5.51631224604639,23.55275590551181
"LCD (LED)",20.24,5.511654351347501,23.53307086614173
"LCD (LED)",20.3,5.399112734703527,23.54724409448819
"LCD (LED)",20.64,4.864733842526665,21.53031496062992
"LCD (LED)",20.65,4.633833278690188,23.605905511811024
"LCD (LED)",20.77,5.4577307567299185,23.55275590551181
"LCD (LED)",20.9,5.400291661111806,23.553937007874016
"LCD (LED)",21,5.409893958839594,23.807086614173226
"LCD (LED)",21.5,5.0615060192076395,23.888976377952755
"LCD (LED)",21.9,5.014808872247091,23.55275590551181
"LCD (LED)",22,5.171129579153095,23.53307086614173
"LCD (LED)",22.2,5.121511445327967,23.55275590551181
"LCD (LED)",22.3,5.121853047308811,23.553937007874016
"LCD (LED)",22.8,6.552094678514144,31.511811023622048
"LCD (LED)",22.9,6.04521473860549,31.48307086614173
"LCD (LED)",23.298,6.455960914384086,31.517322834645668
"LCD (LED)",23.3,5.562157521398698,31.512992125984255
"LCD (LED)",23.98,4.516360257282469,23.5496062992126
"LCD (LED)",24,6.6994546526913235,31.512992125984255
"LCD (LED)",24.01,4.798447235076666,23.708661417322833
"LCD (LED)",24.1,6.266019008845879,31.48307086614173
"LCD (LED)",24.17,6.363284451982482,31.511417322834646
"LCD (LED)",24.2,4.566598076666048,23.727952755905513
"LCD (LED)",24.3,6.020492681744969,31.521653543307085
"LCD (LED)",24.37,4.748928276892544,23.708661417322833
"LCD (LED)",24.6,5.537230124415072,27.00748031496063
"LCD (LED)",24.61,5.799687998815937,31.511417322834646
"LCD (LED)",24.687,5.051045905816841,31.511417322834646
"LCD (LED)",24.687,5.799685441574415,31.511417322834646
"LCD (LED)",24.81,4.076493871316421,21.53031496062992
"LCD (LED)",24.84,5.798969155812304,31.517322834645668
"LCD (LED)",24.9,5.964966655906721,31.517322834645668
"LCD (LED)",25,4.066544909449641,23.548818897637794
"LCD (LED)",25.03,4.515611521736828,23.546850393700787
"LCD (LED)",25.08,6.051048463058365,31.511417322834646
"LCD (LED)",25.32,5.640097227069957,31.512992125984255
"LCD (LED)",25.32,6.051110422730285,31.511811023622048
"LCD (LED)",25.5,6.316630932016583,31.517322834645668
"LCD (LED)",25.5,6.457156719581245,31.512992125984255
"LCD (LED)",25.58,4.536463658690008,23.807086614173226
"LCD (LED)",25.7,6.007444889755374,31.517322834645668
"LCD (LED)",25.78,6.18222134315158,31.511417322834646
"LCD (LED)",25.8,5.793854274363063,31.48307086614173
"LCD (LED)",25.83,3.9263981940022497,23.807086614173226
"LCD (LED)",25.84,4.5038244549102,24.38110236220472
"LCD (LED)",25.92,5.799687998815937,31.511417322834646
"LCD (LED)",25.93,6.051110422730285,31.511811023622048
"LCD (LED)",26,5.050329620054731,31.517322834645668
"LCD (LED)",26,6.271133890295119,31.517322834645668
"LCD (LED)",26.3,4.063138326718788,23.53307086614173
"LCD (LED)",26.3,6.007444889755374,31.517322834645668
"LCD (LED)",26.4498,5.799685441574415,31.511417322834646
"LCD (LED)",26.67,4.353523151201296,23.807086614173226
"LCD (LED)",27,5.793854274363063,31.48307086614173
"LCD (LED)",27,6.19127811085949,31.54763779527559
"LCD (LED)",27.036,6.138069063666082,31.511417322834646
"LCD (LED)",27.036,6.138546025859608,31.512992125984255
"LCD (LED)",27.1,3.865135195667775,23.55236220472441
"LCD (LED)",27.1,6.182698305345105,31.512992125984255
"LCD (LED)",27.2,5.5997621327590545,31.517322834645668
"LCD (LED)",27.2,6.182698305345105,31.512992125984255
"LCD (LED)",27.25,4.134136224746854,21.992125984251967
"LCD (LED)",27.42,6.138131023338002,31.511811023622048
"LCD (LED)",27.7,5.555846834752298,31.48307086614173
"LCD (LED)",27.83,5.649131399343135,31.548425196850392
"LCD (LED)",28,5.570054909528788,31.536614173228344
"LCD (LED)",28,6.04521473860549,31.48307086614173
"LCD (LED)",28.2,7.033409441022956,39.624015748031496
"LCD (LED)",28.3,4.025976491245213,23.551968503937008
"LCD (LED)",28.33,5.409034620500062,31.517322834645668
"LCD (LED)",28.58,4.050316322792688,23.807086614173226
"LCD (LED)",28.6,5.56096171620154,31.517322834645668
"LCD (LED)",28.86,4.558689968087691,31.493700787401576
"LCD (LED)",28.86,5.048057871940883,31.493700787401576
"LCD (LED)",29.05,4.024438873622773,23.83543307086614
"LCD (LED)",29.07,7.018348467224255,39.5007874015748
"LCD (LED)",29.15,5.800164961009463,31.512992125984255
"LCD (LED)",29.2,5.83989565137754,31.517322834645668
"LCD (LED)",29.55,5.226823770764761,31.511417322834646
"LCD (LED)",29.57,5.600491790512466,31.511417322834646
"LCD (LED)",29.7,5.561680559205171,31.511417322834646
"LCD (LED)",29.8,5.5612478205424445,31.511023622047244
"LCD (LED)",30,5.0234767231711315,31.296850393700787
"LCD (LED)",30,5.71310578131203,31.48307086614173
"LCD (LED)",30.294,5.447255105927289,31.511417322834646
"LCD (LED)",31,5.0167187257265855,31.511417322834646
"LCD (LED)",31,5.555846834752298,31.48307086614173
"LCD (LED)",31.1544,5.335678717207596,31.511417322834646
"LCD (LED)",31.2,5.561680559205171,31.511417322834646
"LCD (LED)",31.27,6.527728250552346,39.5007874015748
"LCD (LED)",31.4,5.494129989355613,31.54763779527559
"LCD (LED)",31.51,5.016627757095919,31.511417322834646
"LCD (LED)",31.626,5.2268129560149825,31.511417322834646
"LCD (LED)",31.78,5.48435437864407,31.517322834645668
"LCD (LED)",31.8,5.051525425251889,31.512992125984255
"LCD (LED)",31.84,5.016703576803088,31.507480314960628
"LCD (LED)",32,6.206601394692058,38.346850393700784
"LCD (LED)",32.03,5.446310913555563,31.507480314960628
"LCD (LED)",32.12,6.238504023558243,39.5007874015748
"LCD (LED)",32.247,6.836914292813554,39.5007874015748
"LCD (LED)",32.5,5.025764678684717,31.54763779527559
"LCD (LED)",32.8,6.332388205338999,39.499212598425196
"LCD (LED)",32.9,6.527703623593875,39.5007874015748
"LCD (LED)",33,5.299572454875552,31.512992125984255
"LCD (LED)",33.3,5.26280849184812,31.511417322834646
"LCD (LED)",33.5,5.226810398773459,31.511417322834646
"LCD (LED)",33.52,5.226778437929547,31.50944881889764
"LCD (LED)",33.62,7.067250024200782,42.5015748031496
"LCD (LED)",34,5.154958966766685,31.517322834645668
"LCD (LED)",34,5.185270515794846,31.48307086614173
"LCD (LED)",34.4,4.379032283719447,31.507480314960628
"LCD (LED)",34.4,4.687520104711786,31.512992125984255
"LCD (LED)",34.52,6.025786528657009,39.5007874015748
"LCD (LED)",34.7,4.981909663301017,31.517322834645668
"LCD (LED)",34.7106,6.025786528657009,39.5007874015748
"LCD (LED)",34.8,5.0167187257265855,31.511417322834646
"LCD (LED)",35,5.0108741865239335,31.48307086614173
"LCD (LED)",35,6.01894107318675,39.50551181102362
"LCD (LED)",35.1,6.235220811119447,39.49015748031496
"LCD (LED)",35.18,6.528056286326917,39.5011811023622
"LCD (LED)",35.2,4.570732207347719,31.55393700787402
"LCD (LED)",35.3,4.409753463503695,31.511417322834646
"LCD (LED)",35.3,5.0167187257265855,31.511417322834646
"LCD (LED)",35.3,5.0984772005101,31.741338582677166
"LCD (LED)",35.47,4.530161456694669,31.517322834645668
"LCD (LED)",35.598,6.8508337816881255,42.56850393700787
"LCD (LED)",35.6,4.707985055307133,31.448818897637793
"LCD (LED)",35.6,5.235220811119446,39.49015748031496
"LCD (LED)",35.8,4.561680559205172,31.511417322834646
"LCD (LED)",35.8,4.948803749896118,31.511417322834646
"LCD (LED)",35.88,6.543063790707123,42.5011811023622
"LCD (LED)",35.89,4.128565212345073,31.42952755905512
"LCD (LED)",35.9,6.022503316218213,39.49015748031496
"LCD (LED)",35.97,7.035028893387631,42.50236220472441
"LCD (LED)",36,4.91366815087741,31.499212598425196
"LCD (LED)",36,7.168839664326816,42.514566929133856
"LCD (LED)",36.27,6.409737527786951,39.65433070866141
"LCD (LED)",36.4,7.087207125920074,43.02165354330709
"LCD (LED)",36.5,6.112434496987815,39.49015748031496
"LCD (LED)",36.7,6.370326753102434,42.5
"LCD (LED)",36.8,6.112434496987815,39.49015748031496
"LCD (LED)",36.88,4.718950320514683,31.511417322834646
"LCD (LED)",36.9,4.56169137395495,31.511417322834646
"LCD (LED)",36.91,6.025761901698537,39.5007874015748
"LCD (LED)",36.95,4.783418926009876,31.511417322834646
"LCD (LED)",37.1,4.570737326913083,31.54763779527559
"LCD (LED)",37.86,4.3445623134294555,31.48307086614173
"LCD (LED)",38,6.512606008440962,42.5
"LCD (LED)",38.3,6.153128193373064,41.4755905511811
"LCD (LED)",38.4,6.287078165081274,42.5
"LCD (LED)",38.46,4.54903877620938,31.80472440944882
"LCD (LED)",38.6,4.555846834752298,31.48307086614173
"LCD (LED)",38.6,5.996206090448164,39.5007874015748
"LCD (LED)",38.85,6.080700583060862,42.56850393700787
"LCD (LED)",38.92,6.025786528657009,39.5007874015748
"LCD (LED)",38.946,6.238504023558243,39.5007874015748
"LCD (LED)",39,4.56011124992726,31.499212598425196
"LCD (LED)",39.24,4.7649139916034216,42.4988188976378
"LCD (LED)",39.33,4.570054909528788,31.536614173228344
"LCD (LED)",39.5,6.314656222068065,42.5
"LCD (LED)",39.8,6.027036614996438,41.48818897637795
"LCD (LED)",39.82,5.348241527796555,39.543700787401576
"LCD (LED)",40,6.082256469696936,39.49015748031496
"LCD (LED)",40,6.08225646969694,39.49015748031496
"LCD (LED)",40,6.11243449698781,39.49015748031496
"LCD (LED)",40,6.112434496987815,39.49015748031496
"LCD (LED)",40,6.116045745201182,39.5011811023622
"LCD (LED)",40,7.909487173175795,49.4988188976378
"LCD (LED)",40.45,4.943015385879585,31.9992125984252
"LCD (LED)",40.52,4.410230425697221,31.512992125984255
"LCD (LED)",40.7,5.823038132488297,39.5011811023622
"LCD (LED)",41.38,6.159156396551919,41.50196850393701
"LCD (LED)",41.5,5.908618544413956,39.5007874015748
"LCD (LED)",41.53,6.316078253768346,42.5011811023622
"LCD (LED)",41.6,5.574444892258945,39.5007874015748
"LCD (LED)",41.7,5.838314509763619,42.46574803149606
"LCD (LED)",41.8,6.098642353264821,42.5
"LCD (LED)",41.8,7.625034577249296,54.61062992125985
"LCD (LED)",41.94,6.100034656078596,42.4988188976378
"LCD (LED)",42,6.267310678822118,41.4755905511811
"LCD (LED)",42.65,5.628438558870485,39.5007874015748
"LCD (LED)",42.76,4.334385671321831,30.388188976377954
"LCD (LED)",42.804,6.0285904596598705,42.56850393700787
"LCD (LED)",42.9,6.098642353264821,42.5
"LCD (LED)",43,4.118959927231679,31.499212598425196
"LCD (LED)",43,6.12503142348359,41.4755905511811
"LCD (LED)",43,6.402228210570558,42.514566929133856
"LCD (LED)",43.1,6.814552720521219,49.463779527559055
"LCD (LED)",43.23,6.374499841331531,42.53425196850394
"LCD (LED)",43.25,4.046337416196342,31.54763779527559
"LCD (LED)",43.44,5.8462961751639,42.514566929133856
"LCD (LED)",43.6,5.708762340346765,39.50275590551181
"LCD (LED)",43.6,5.892563741667072,42.5
"LCD (LED)",43.8,5.842491487585249,42.5
"LCD (LED)",43.9,6.047319748585282,41.49881889763779
"LCD (LED)",44.2,5.6032243611452595,41.50196850393701
"LCD (LED)",44.91,5.019830173343795,39.5007874015748
"LCD (LED)",44.99,5.364749558330739,39.5007874015748
"LCD (LED)",45,7.398392383299008,49.4988188976378
"LCD (LED)",45.5,5.72115689900204,42.5011811023622
"LCD (LED)",45.5,6.1024470408434714,42.514566929133856
"LCD (LED)",45.69,6.100094078813243,42.5011811023622
"LCD (LED)",46.1,5.6001935544751715,42.5
"LCD (LED)",46.11,7.266401600734831,49.5003937007874
"LCD (LED)",46.13,5.62822263689357,40.00472440944882
"LCD (LED)",46.5216,5.164429277262144,39.5007874015748
"LCD (LED)",46.6632,5.8191153373425655,42.5011811023622
"LCD (LED)",46.8,5.016571587863471,39.49015748031496
"LCD (LED)",46.81,5.7943945611014085,42.5011811023622
"LCD (LED)",46.99,5.755151456846737,41.50196850393701
"LCD (LED)",47.1,5.370326753102435,42.5
"LCD (LED)",47.1,5.462285603807948,42.5011811023622
"LCD (LED)",47.2,4.513125542904489,33.92755905511811
"LCD (LED)",47.23,5.372920452520654,39.49370078740157
"LCD (LED)",47.23,5.51068390027356,42.514566929133856
"LCD (LED)",47.3,5.3693943713016585,39.50905511811023
"LCD (LED)",47.3,6.371851645208939,49.5003937007874
"LCD (LED)",47.37,7.01820175064728,48.49212598425197
"LCD (LED)",47.5,6.366036695892506,49.463779527559055
"LCD (LED)",47.72,5.678474523916174,41.50196850393701
"LCD (LED)",47.9,6.082627418214837,49.5003937007874
"LCD (LED)",48.2,5.376921175457228,42.53700787401575
"LCD (LED)",48.37,5.651473074096207,42.514566929133856
"LCD (LED)",48.42,5.288576277640065,39.5007874015748
"LCD (LED)",48.5,6.163161822916446,49.4988188976378
"LCD (LED)",48.76,4.811354439400725,39.5007874015748
"LCD (LED)",49,3.551549363131901,31.536614173228344
"LCD (LED)",49,5.796777216979777,42.514566929133856
"LCD (LED)",49,7.846982249207294,54.63897637795275
"LCD (LED)",49.14,5.506827258294353,42.5
"LCD (LED)",49.2,6.584685919148481,49.463779527559055
"LCD (LED)",49.28,5.197155959564035,39.49370078740157
"LCD (LED)",49.52,6.287554777320878,49.119685039370076
"LCD (LED)",49.6,6.371851645208939,49.5003937007874
"LCD (LED)",49.6,6.814552720521219,49.463779527559055
"LCD (LED)",49.7,8.358511625413506,64.4996062992126
"LCD (LED)",49.79,5.140007308823133,39.5007874015748
"LCD (LED)",49.9,5.74779946042879,42.514566929133856
"LCD (LED)",50,5.112434496987815,39.49015748031496
"LCD (LED)",50,5.136724096384335,39.49015748031496
"LCD (LED)",50.28,5.005233286368337,39.543700787401576
"LCD (LED)",50.3,6.49594202679958,49.463779527559055
"LCD (LED)",50.44,5.238511305570017,42.49685039370078
"LCD (LED)",50.6,6.371851645208939,49.5003937007874
"LCD (LED)",50.67,5.193622976866961,42.4507874015748
"LCD (LED)",50.73,5.38515551905164,42.53858267716535
"LCD (LED)",50.909,5.65085899801826,42.485039370078745
"LCD (LED)",51,5.016571587863471,39.49015748031496
"LCD (LED)",51.04,5.198431890000209,42.51417322834646
"LCD (LED)",51.12,5.070989554548221,42.51417322834646
"LCD (LED)",51.2,5.1492487763669255,39.97992125984252
"LCD (LED)",51.3,5.017948382607974,39.50275590551181
"LCD (LED)",51.44,4.926734502287409,42.514566929133856
"LCD (LED)",51.78,4.912410403406469,41.50196850393701
"LCD (LED)",51.8,5.026081958562645,42.49685039370078
"LCD (LED)",51.888,5.160019823949335,42.56850393700787
"LCD (LED)",52.1,5.361605974758547,41.93110236220472
"LCD (LED)",52.3,6.323558462043853,49.463779527559055
"LCD (LED)",52.9,5.062942946872196,42.46574803149606
"LCD (LED)",52.9,5.067119924693827,42.5
"LCD (LED)",53,5.198720591823303,41.50196850393701
"LCD (LED)",53,6.395167775876558,54.61062992125985
"LCD (LED)",53.14,5.394241784419823,42.5011811023622
"LCD (LED)",53.2,5.029236682652613,42.514566929133856
"LCD (LED)",53.38,4.297937918289465,41.50433070866142
"LCD (LED)",53.5,4.984128291468626,42.5
"LCD (LED)",53.64,6.453747698931702,54.63897637795275
"LCD (LED)",54,4.943201795903388,42.5
"LCD (LED)",54.39,5.004339796237608,41.360236220472444
"LCD (LED)",54.39,6.154670935475992,49.47874015748032
"LCD (LED)",54.48,4.550480363705366,39.511811023622045
"LCD (LED)",54.5,4.721747676212026,39.5007874015748
"LCD (LED)",54.6,6.054750632487112,54.63897637795275
"LCD (LED)",54.7,6.056850653631297,49.463779527559055
"LCD (LED)",54.8,6.550386915674646,49.51732283464567
"LCD (LED)",54.84,7.363472126667125,54.69881889763779
"LCD (LED)",55,5.026256218529832,41.50472440944882
"LCD (LED)",55,5.299427647726304,42.46574803149606
"LCD (LED)",55.02,4.7635216887896465,42.5
"LCD (LED)",55.35,6.062665602947731,49.5003937007874
"LCD (LED)",55.49,6.023006759011338,49.5003937007874
"LCD (LED)",55.5,6.867332510359374,54.61062992125985
"LCD (LED)",55.81,4.826422882649965,42.514566929133856
"LCD (LED)",55.82,4.488668130626437,41.50472440944882
"LCD (LED)",56,5.054569779475225,42.56850393700787
"LCD (LED)",56,8.635576994500521,64.52637795275591
"LCD (LED)",56.1,6.824154055982145,57.49566929133858
"LCD (LED)",56.9,5.592095134190206,49.53228346456693
"LCD (LED)",56.97,5.484217148959526,49.5003937007874
"LCD (LED)",57,6.620087540427892,54.63897637795275
"LCD (LED)",57.06,6.488264199278357,50.10196850393701
"LCD (LED)",57.2,6.350562198435242,49.5003937007874
"LCD (LED)",57.6,4.50639561391739,41.494488188976376
"LCD (LED)",57.6,4.506395613917393,41.494488188976376
"LCD (LED)",57.65,5.113372384226902,42.53425196850394
"LCD (LED)",57.75,4.557136890445541,42.51417322834646
"LCD (LED)",57.97,7.096438562106976,54.63897637795275
"LCD (LED)",58,4.640183608128661,42.48070866141732
"LCD (LED)",58,6.043563266922346,49.48307086614173
"LCD (LED)",58.2,4.553267260591147,42.5
"LCD (LED)",58.25,5.04961468920546,42.51102362204724
"LCD (LED)",58.4,4.767626426637194,49.463779527559055
"LCD (LED)",58.4,6.578108283365271,54.61062992125985
"LCD (LED)",58.47,6.062665602947731,49.5003937007874
"LCD (LED)",58.91,5.0058001026805545,42.5003937007874
"LCD (LED)",59,4.376857615002824,39.49015748031496
"LCD (LED)",59,7.013446928881777,54.63897637795275
"LCD (LED)",59.47,5.519365722220251,49.5003937007874
"LCD (LED)",59.91,4.517515573092177,42.5015748031496
"LCD (LED)",59.97,6.601297491442197,54.63897637795275
"LCD (LED)",60.18,4.4798424777837305,42.49685039370078
"LCD (LED)",60.546,4.885746998927755,42.485039370078745
"LCD (LED)",60.564,5.848761134097636,49.5003937007874
"LCD (LED)",60.9,6.449270084292677,54.61062992125985
"LCD (LED)",61.1,5.519365722220251,49.5003937007874
"LCD (LED)",61.2,6.0624515145983064,49.4988188976378
"LCD (LED)",61.3,5.6243875937263965,49.49803149606299
"LCD (LED)",61.38,6.45268452993256,54.64488188976378
"LCD (LED)",61.524,6.023006759011338,49.5003937007874
"LCD (LED)",61.66,4.519946468558737,42.51417322834646
"LCD (LED)",61.76,5.519365722220251,49.5003937007874
"LCD (LED)",62,4.767326376368296,42.514566929133856
"LCD (LED)",62.33,5.537859061582124,49.50433070866141
"LCD (LED)",62.358,6.362873505749178,54.64488188976378
"LCD (LED)",62.75,4.130011933246495,42.51417322834646
"LCD (LED)",63,4.689724088919364,42.514566929133856
"LCD (LED)",63.2,4.628587018735154,42.5
"LCD (LED)",63.45,4.045930290084405,42.51417322834646
"LCD (LED)",63.7,6.07137929764316,54.63897637795275
"LCD (LED)",63.89,6.07137929764316,54.63897637795275
"LCD (LED)",63.94,5.293361671010193,54.63897637795275
"LCD (LED)",64,4.611447961772836,42.50236220472441
"LCD (LED)",64,4.613442755808096,42.514566929133856
"LCD (LED)",64,4.632391706313805,42.514566929133856
"LCD (LED)",64.01,5.43282096913457,49.50433070866141
"LCD (LED)",64.06,3.733461271230745,39.96456692913386
"LCD (LED)",64.17,5.2369011346465655,49.47874015748032
"LCD (LED)",64.23,5.114752431177988,49.5003937007874
"LCD (LED)",64.7,6.185062730838383,54.61062992125985
"LCD (LED)",64.71,6.578108283365271,54.61062992125985
"LCD (LED)",64.71,7.972684747758714,64.52637795275591
"LCD (LED)",64.72,5.380181735077315,49.4988188976378
"LCD (LED)",64.97,4.215701353057932,42.51417322834646
"LCD (LED)",65,4.549090282769516,42.46574803149606
"LCD (LED)",65,7.972684747758714,64.52637795275591
"LCD (LED)",65.1,4.497596729556777,42.5
"LCD (LED)",65.21,6.483384094694954,57.50708661417323
"LCD (LED)",65.23,6.381755466087895,54.63897637795275
"LCD (LED)",65.43,6.25848663027421,54.63897637795275
"LCD (LED)",65.5,6.222590949438208,54.63031496062992
"LCD (LED)",65.77,5.312280131238149,49.4988188976378
"LCD (LED)",65.8,4.497596729556777,42.5
"LCD (LED)",65.9,6.054750632487112,54.63897637795275
"LCD (LED)",66,4.519881526282994,42.514566929133856
"LCD (LED)",66,5.699152541308105,49.4988188976378
"LCD (LED)",66.16,5.082627418214837,49.5003937007874
"LCD (LED)",66.4,5.004902443051654,49.53228346456693
"LCD (LED)",66.5,4.026081958562644,42.49685039370078
"LCD (LED)",66.6,5.260125965020835,49.49803149606299
"LCD (LED)",66.8,5.016951299027647,49.49803149606299
"LCD (LED)",67,4.229006903442793,41.54330708661417
"LCD (LED)",67,4.428233749097203,42.514566929133856
"LCD (LED)",67,5.6387882275646,49.463779527559055
"LCD (LED)",67.01,5.0190601095993035,49.5003937007874
"LCD (LED)",67.14,5.414736375508297,49.5003937007874
"LCD (LED)",67.65,5.0190601095993035,49.5003937007874
"LCD (LED)",67.72,5.39753320613792,49.5003937007874
"LCD (LED)",67.75,5.262234775592492,49.5003937007874
"LCD (LED)",67.9,6.03977471219077,54.62992125984252
"LCD (LED)",68,4.356241516253395,42.514566929133856
"LCD (LED)",68,5.566795994720792,49.463779527559055
"LCD (LED)",68,5.572396855687801,49.4988188976378
"LCD (LED)",68.12,6.293361671010194,54.63897637795275
"LCD (LED)",68.21,5.1471093957013325,49.5003937007874
"LCD (LED)",68.3,6.223880897558965,54.63897637795275
"LCD (LED)",68.4,5.125086761023219,49.463779527559055
"LCD (LED)",68.7096,6.104822886568933,54.63897637795275
"LCD (LED)",68.9,5.634430436780009,54.50354330708661
"LCD (LED)",68.96,6.054750632487112,54.63897637795275
"LCD (LED)",69,4.281582860753533,42.5
"LCD (LED)",69,4.285387548332183,42.514566929133856
"LCD (LED)",69.15,5.141294446384899,49.463779527559055
"LCD (LED)",69.4,5.891771940265505,54.63897637795275
"LCD (LED)",69.65,6.293361671010194,54.63897637795275
"LCD (LED)",69.9,5.141294446384899,49.463779527559055
"LCD (LED)",70,4.177359090775439,42.5
"LCD (LED)",70,4.21183172320354,42.5
"LCD (LED)",70,4.2156364107821895,42.514566929133856
"LCD (LED)",70,4.21563641078219,42.514566929133856
"LCD (LED)",70,4.22499101503943,42.46574803149606
"LCD (LED)",70,4.232972680439712,42.514566929133856
"LCD (LED)",70,4.250376275585194,42.514566929133856
"LCD (LED)",70,5.443527158907108,49.463779527559055
"LCD (LED)",70,8.873914883187542,74.51771653543307
"LCD (LED)",70.4,7.048050502129969,64.5259842519685
"LCD (LED)",70.66,5.796755940359919,54.63897637795275
"LCD (LED)",70.8,5.54833129595275,54.61062992125985
"LCD (LED)",71,4.164026395642909,42.514566929133856
"LCD (LED)",71,5.380181735077315,49.4988188976378
"LCD (LED)",71.04,5.1471093957013325,49.5003937007874
"LCD (LED)",71.24,5.519913101169484,57.50708661417323
"LCD (LED)",72,4.092320104225092,42.5
"LCD (LED)",72,4.105022318176175,42.46574803149606
"LCD (LED)",72,5.323558462043853,49.463779527559055
"LCD (LED)",72,5.32726460078863,49.49803149606299
"LCD (LED)",72,5.329159323010862,49.4988188976378
"LCD (LED)",72.1,5.084221683940127,49.53228346456693
"LCD (LED)",72.19,5.003308177326365,49.5003937007874
"LCD (LED)",72.3,6.016298854719112,54.68385826771653
"LCD (LED)",72.57,5.68732845585714,54.64488188976378
"LCD (LED)",72.6,5.642740091361378,54.63897637795275
"LCD (LED)",72.81,6.118158093653914,57.50708661417323
"LCD (LED)",72.83,6.088069894655924,54.63897637795275
"LCD (LED)",73,4.029236682652612,42.514566929133856
"LCD (LED)",73,4.045865347808662,42.514566929133856
"LCD (LED)",73,5.245392022087018,49.4988188976378
"LCD (LED)",73,5.2620206872430675,49.4988188976378
"LCD (LED)",73.1,6.968577090101265,64.4996062992126
"LCD (LED)",73.254,5.521179398294896,54.61850393700787
"LCD (LED)",73.4,5.2456061104364435,49.5003937007874
"LCD (LED)",73.5,6.582378628467457,64.4996062992126
"LCD (LED)",73.5,6.968577090101265,64.4996062992126
"LCD (LED)",73.6,4.578108283365271,54.61062992125985
"LCD (LED)",73.72,6.042749570721936,57.50708661417323
"LCD (LED)",73.9,5.562529542658195,54.537795275590554
"LCD (LED)",73.991,6.02167727117258,54.63897637795275
"LCD (LED)",74,3.97971772446849,42.514566929133856
"LCD (LED)",74,6.005231674302989,54.63897637795275
"LCD (LED)",74.18,6.057762717485764,57.50708661417323
"LCD (LED)",74.2,5.195873063902896,49.4988188976378
"LCD (LED)",74.3,5.2888840563711685,54.61062992125985
"LCD (LED)",74.4,6.7499278668452884,64.4996062992126
"LCD (LED)",74.7,4.513908184574289,49.53228346456693
"LCD (LED)",75,3.9307399679175017,42.514566929133856
"LCD (LED)",75,4.950744667071304,48.511417322834646
"LCD (LED)",75,5.125086761023219,49.463779527559055
"LCD (LED)",75,5.130687621990228,49.4988188976378
"LCD (LED)",75,5.141294446384899,49.463779527559055
"LCD (LED)",75,5.146895307351907,49.4988188976378
"LCD (LED)",75.2,5.082627418214837,49.5003937007874
"LCD (LED)",75.2,5.2888840563711685,54.61062992125985
"LCD (LED)",75.31,5.52322847238293,54.63897637795275
"LCD (LED)",75.43,5.0986611387808685,49.5003937007874
"LCD (LED)",75.576,6.892196061447218,64.51456692913385
"LCD (LED)",75.7,6.015075215356344,57.40944881889764
"LCD (LED)",76,3.866257990431006,42.514566929133856
"LCD (LED)",76,4.66426124850342,49.463779527559055
"LCD (LED)",76,5.082413329865411,49.4988188976378
"LCD (LED)",76.37,6.012873325950687,57.50708661417323
"LCD (LED)",76.42,4.512313918848999,49.5003937007874
"LCD (LED)",76.49,5.52322847238293,54.63897637795275
"LCD (LED)",76.53,5.451486016052559,54.65275590551182
"LCD (LED)",76.8,5.0190601095993035,49.5003937007874
"LCD (LED)",76.8,5.518750857743906,54.61062992125985
"LCD (LED)",76.9,3.76743730294677,42.5
"LCD (LED)",77,3.8026906818154727,42.514566929133856
"LCD (LED)",77,4.838547136654594,48.50472440944882
"LCD (LED)",77,5.01324516028287,49.463779527559055
"LCD (LED)",77,5.018846021249878,49.4988188976378
"LCD (LED)",77,5.02905265504216,49.463779527559055
"LCD (LED)",77,5.813818228446395,54.65275590551182
"LCD (LED)",77,5.828204631649972,54.63897637795275
"LCD (LED)",77.34,5.582585898004296,54.63897637795275
"LCD (LED)",77.5,3.736207768079859,42.5
"LCD (LED)",77.6,6.277763132362473,64.4996062992126
"LCD (LED)",77.67,5.154397771806109,54.64488188976378
"LCD (LED)",77.7,4.925368471655105,49.5003937007874
"LCD (LED)",77.8,5.5085111517081975,54.63897637795275
"LCD (LED)",77.8,5.552808910591775,54.63897637795275
"LCD (LED)",78,3.755600019609336,42.514566929133856
"LCD (LED)",78,3.75560001960934,42.514566929133856
"LCD (LED)",78,4.954273072870684,49.49803149606299
"LCD (LED)",78,4.971755359043742,49.4988188976378
"LCD (LED)",78,5.765526405493009,54.63897637795275
"LCD (LED)",78.05,4.9690670538782555,49.63543307086614
"LCD (LED)",78.3,4.956167795092916,49.4988188976378
"LCD (LED)",78.42,4.512387949064895,49.49724409448819
"LCD (LED)",78.5,4.346316418754582,49.5003937007874
"LCD (LED)",78.8,3.6590729874431336,42.5
"LCD (LED)",78.8,4.548977203381218,49.463779527559055
"LCD (LED)",78.8,5.15546094080525,54.63897637795275
"LCD (LED)",78.8,5.537994285140893,54.63897637795275
"LCD (LED)",78.97,5.307388036506728,54.63897637795275
"LCD (LED)",79,3.693572453361716,42.514566929133856
"LCD (LED)",79,4.580787588050276,47.52795275590551
"LCD (LED)",79,4.90783307057389,49.49803149606299
"LCD (LED)",79,4.909727792796122,49.4988188976378
"LCD (LED)",79,5.719086403196216,54.63897637795275
"LCD (LED)",79.06,4.470234547545021,49.5003937007874
"LCD (LED)",79.3,5.278315900596547,54.64488188976378
"LCD (LED)",79.3,5.293361671010193,54.63897637795275
"LCD (LED)",79.33,5.533270548071191,57.50708661417323
"LCD (LED)",79.47,5.479220719870522,54.63897637795275
"LCD (LED)",79.65,5.710475336657595,57.50708661417323
"LCD (LED)",79.9,3.2222254351321666,42.5
"LCD (LED)",79.98,5.034877339973175,54.63897637795275
"LCD (LED)",80,4.5192239731629495,47.5244094488189
"LCD (LED)",80,4.84854704574821,49.4988188976378
"LCD (LED)",80,4.8485470457482105,49.4988188976378
"LCD (LED)",80,5.657905656148303,54.63897637795275
"LCD (LED)",80.04,5.533270548071191,57.50708661417323
"LCD (LED)",80.2,5.293361671010193,54.63897637795275
"LCD (LED)",80.28,4.617791428508175,49.47874015748032
"LCD (LED)",80.62,5.196387436370489,54.63897637795275
"LCD (LED)",80.8,3.167068798957339,42.5
"LCD (LED)",80.81,5.154170992684495,54.63031496062992
"LCD (LED)",80.814,5.552808910591775,54.63897637795275
"LCD (LED)",81,4.7862955846843445,49.49803149606299
"LCD (LED)",81,4.788190306906577,49.4988188976378
"LCD (LED)",81,4.803203453670404,49.4988188976378
"LCD (LED)",81,4.818267064887973,49.4988188976378
"LCD (LED)",81,5.597548917306669,54.63897637795275
"LCD (LED)",81,5.598914446376031,54.65275590551182
"LCD (LED)",81.3,4.357808286657745,49.49803149606299
"LCD (LED)",81.32,4.357808286657745,49.49803149606299
"LCD (LED)",81.49,5.034877339973175,54.63897637795275
"LCD (LED)",82,3.527294960757275,42.514566929133856
"LCD (LED)",82,4.74155557796945,49.49803149606299
"LCD (LED)",82,4.7434503001916815,49.4988188976378
"LCD (LED)",82,5.552808910591775,54.63897637795275
"LCD (LED)",82.05,5.034877339973175,54.63897637795275
"LCD (LED)",82.11,5.307388036506728,54.63897637795275
"LCD (LED)",82.3,5.292298502011051,54.64488188976378
"LCD (LED)",82.49,6.505049671825857,64.5259842519685
"LCD (LED)",82.7,3.0721486367805606,42.5
"LCD (LED)",82.7,4.1544565935330064,49.50236220472441
"LCD (LED)",82.7,5.110427211205168,54.61062992125985
"LCD (LED)",83,3.468328055820896,42.514566929133856
"LCD (LED)",83,4.6844833952553016,49.4988188976378
"LCD (LED)",83,4.68485392446604,49.50236220472441
"LCD (LED)",83,4.693551680341095,49.463779527559055
"LCD (LED)",83,4.699152541308104,49.4988188976378
"LCD (LED)",83,4.699366629657529,49.5003937007874
"LCD (LED)",83.3,4.526947355502383,49.50511811023622
"LCD (LED)",83.3,4.6243875937263965,49.49803149606299
"LCD (LED)",83.38,5.034877339973175,54.63897637795275
"LCD (LED)",83.91,5.047053235603204,54.64488188976378
"LCD (LED)",84,4.595568072425353,49.49803149606299
"LCD (LED)",84,5.431163311709696,54.61062992125985
"LCD (LED)",84,5.445642872344173,54.61062992125985
"LCD (LED)",84.4,4.5974627946475835,49.4988188976378
"LCD (LED)",84.82,5.406821405047677,54.63897637795275
"LCD (LED)",84.978,5.182703700188524,54.63897637795275
"LCD (LED)",85,4.581227515811351,49.49803149606299
"LCD (LED)",85,4.5831222380335825,49.4988188976378
"LCD (LED)",85,5.39141767943453,54.64488188976378
"LCD (LED)",85.64,5.034877339973175,54.63897637795275
"LCD (LED)",85.9,4.554578064348227,49.4988188976378
"LCD (LED)",86,5.33557316160007,54.63897637795275
"LCD (LED)",86,6.725672011354488,64.52637795275591
"LCD (LED)",86.04,5.1283827912446815,54.63897637795275
"LCD (LED)",86.23,5.008515969149676,54.63897637795275
"LCD (LED)",86.5,4.518750857743905,54.61062992125985
"LCD (LED)",86.5,5.346992914065456,57.49566929133858
"LCD (LED)",86.54,5.293361671010193,54.63897637795275
"LCD (LED)",86.66,5.008515969149676,54.63897637795275
"LCD (LED)",86.9,4.67474642409951,54.61062992125985
"LCD (LED)",86.9,6.007529267450542,64.53385826771654
"LCD (LED)",87,5.043638789963322,54.61062992125985
"LCD (LED)",87,5.279379069595689,54.63897637795275
"LCD (LED)",87,5.27937906959569,54.63897637795275
"LCD (LED)",87,5.2888840563711685,54.61062992125985
"LCD (LED)",87,5.293361671010193,54.63897637795275
"LCD (LED)",87,6.667999301808216,64.50905511811024
"LCD (LED)",87.3,4.767875082608744,54.67952755905512
"LCD (LED)",87.6,4.038563985356884,49.463779527559055
"LCD (LED)",87.66,3.018797767189196,42.5
"LCD (LED)",87.678,5.048116404602346,54.63897637795275
"LCD (LED)",87.99,4.511450751759631,54.63897637795275
"LCD (LED)",88,5.236627970976682,54.64488188976378
"LCD (LED)",88.8,4.38724291431982,49.5003937007874
"LCD (LED)",89,4.373715618999169,49.50236220472441
"LCD (LED)",89,5.182703700188524,54.63897637795275
"LCD (LED)",89.1,4.506973137120607,54.61062992125985
"LCD (LED)",89.74,6.040859626768308,64.4996062992126
"LCD (LED)",89.78,4.546877182237033,54.63897637795275
"LCD (LED)",89.99,4.546877182237033,54.63897637795275
"LCD (LED)",90,3.0990641538315313,42.5
"LCD (LED)",90,4.181555378082812,48.50472440944882
"LCD (LED)",90,4.3269419428521605,49.463779527559055
"LCD (LED)",90,4.332542803819169,49.4988188976378
"LCD (LED)",90,5.141901414219262,54.63897637795275
"LCD (LED)",90.06,6.3075983471761505,64.5259842519685
"LCD (LED)",90.1,2.824204819310837,42.5
"LCD (LED)",90.21,5.427509412686004,57.50708661417323
"LCD (LED)",90.42,6.045013280653004,64.5259842519685
"LCD (LED)",90.5,4.702649565199762,54.64488188976378
"LCD (LED)",90.7,4.614103819198409,54.61062992125985
"LCD (LED)",91,4.2768165620335985,49.49803149606299
"LCD (LED)",91,5.0870067256567815,54.64488188976378
"LCD (LED)",91,5.088069894655924,54.63897637795275
"LCD (LED)",91,5.101467274193711,54.63897637795275
"LCD (LED)",91.26,4.511450751759631,54.63897637795275
"LCD (LED)",91.4,3.591861933680575,49.463779527559055
"LCD (LED)",91.4,5.854791829048124,64.5259842519685
"LCD (LED)",91.5,3.773441375953628,49.5003937007874
"LCD (LED)",91.56,4.642740091361377,54.63897637795275
"LCD (LED)",91.7,5.359361253034525,64.52637795275591
"LCD (LED)",91.788,4.840846163637017,54.63897637795275
"LCD (LED)",91.87,6.031360323573905,64.50905511811024
"LCD (LED)",92,3.005558702560026,42.5
"LCD (LED)",92,3.009363390138676,42.514566929133856
"LCD (LED)",92,4.22362400735085,49.49803149606299
"LCD (LED)",92,4.225518729573082,49.4988188976378
"LCD (LED)",92,4.23875779420225,49.4988188976378
"LCD (LED)",92,5.03039972533415,54.61062992125985
"LCD (LED)",92,5.033814170974034,54.64488188976378
"LCD (LED)",92,5.048116404602346,54.63897637795275
"LCD (LED)",92.3,4.523228472382931,54.63897637795275
"LCD (LED)",92.33,5.02167727117258,54.63897637795275
"LCD (LED)",92.66,6.0207893291425405,64.5259842519685
"LCD (LED)",92.8,3.8314867587390524,49.49803149606299
"LCD (LED)",92.8,4.517170337322163,56.49409448818898
"LCD (LED)",92.8,4.546877182237033,54.63897637795275
"LCD (LED)",92.9,5.68346052076461,64.52637795275591
"LCD (LED)",93,4.172950148870644,49.4988188976378
"LCD (LED)",93,4.173320678081382,49.50236220472441
"LCD (LED)",93,4.186034596465652,49.4988188976378
"LCD (LED)",93,6.012924571152087,64.44173228346456
"LCD (LED)",93.1,4.995393206865746,54.63897637795275
"LCD (LED)",93.1,5.015686726669144,57.50708661417323
"LCD (LED)",93.12,3.762321958542641,49.50433070866141
"LCD (LED)",93.25,5.913327322137348,64.52637795275591
"LCD (LED)",93.43,5.683506516991858,64.5259842519685
"LCD (LED)",93.528,6.130843375683567,64.5259842519685
"LCD (LED)",93.6,4.119096350472407,49.49803149606299
"LCD (LED)",93.64,5.925136077633466,64.52637795275591
"LCD (LED)",93.65,6.0873976439379245,64.51456692913385
"LCD (LED)",93.8,4.10620016857216,49.49803149606299
"LCD (LED)",93.82,3.714083950332262,49.5003937007874
"LCD (LED)",94,4.13392447306466,49.4988188976378
"LCD (LED)",94,4.9432830834647525,54.63897637795275
"LCD (LED)",94,5.385681673359005,57.49566929133858
"LCD (LED)",94,5.634761250243758,64.4996062992126
"LCD (LED)",94.01,3.3192382691940128,49.5003937007874
"LCD (LED)",94.14,6.0207893291425405,64.5259842519685
"LCD (LED)",94.2,6.016635675257843,64.4996062992126
"LCD (LED)",94.22,4.92928651409559,54.64488188976378
"LCD (LED)",94.36,5.9015496015140485,64.52637795275591
"LCD (LED)",94.37,3.4842171489595257,49.5003937007874
"LCD (LED)",94.4,4.891119397992961,54.63425196850393
"LCD (LED)",94.43,4.510387582760489,54.64488188976378
"LCD (LED)",94.45,5.889802753064086,64.52637795275591
"LCD (LED)",95,4.095235713771112,49.4988188976378
"LCD (LED)",95,4.900116709532181,54.61062992125985
"LCD (LED)",95,4.90694300128694,54.67952755905512
"LCD (LED)",95.06,7.03682007493093,74.54330708661418
"LCD (LED)",95.2,3.705378974542384,49.47874015748032
"LCD (LED)",95.274,6.0693688847202,64.5259842519685
"LCD (LED)",95.78,4.027096305646443,49.17086614173228
"LCD (LED)",95.92,6.292263476185693,64.94527559055119
"LCD (LED)",96,2.824204819310837,42.5
"LCD (LED)",96,3.6438774995872896,49.5003937007874
"LCD (LED)",96,4.042270124101661,49.49803149606299
"LCD (LED)",96,4.044164846323894,49.4988188976378
"LCD (LED)",96,4.0445353755346325,49.50236220472441
"LCD (LED)",96.3,6.020743332915293,64.52637795275591
"LCD (LED)",96.3,6.15677413639015,64.51889763779526
"LCD (LED)",96.71,4.514000251781598,54.54645669291339
"LCD (LED)",96.9,6.039238202557552,64.53818897637795
"LCD (LED)",97,4.803028047916603,54.63897637795275
"LCD (LED)",97,4.815598659574831,54.63897637795275
"LCD (LED)",97.3,5.248228701331871,57.50708661417323
"LCD (LED)",97.68,2.85788516870723,49.5003937007874
"LCD (LED)",97.7,5.1556252552474255,64.52637795275591
"LCD (LED)",97.8,4.345254864009467,54.61062992125985
"LCD (LED)",98,4.753095273755667,54.63897637795275
"LCD (LED)",98,4.765526405493008,54.63897637795275
"LCD (LED)",98,6.1556252552474255,64.52637795275591
"LCD (LED)",98.268,4.546877182237033,54.63897637795275
"LCD (LED)",98.27,4.327098995599919,54.63897637795275
"LCD (LED)",98.45,4.740698529701904,54.63897637795275
"LCD (LED)",98.76,5.694678098881371,64.52637795275591
"LCD (LED)",98.826,6.932494275476429,74.52992125984252
"LCD (LED)",98.85,5.087447669885229,57.50354330708661
"LCD (LED)",99,2.6866888098957364,42.5
"LCD (LED)",99,2.6904934974743866,42.514566929133856
"LCD (LED)",99,5.568694892285492,64.4996062992126
"LCD (LED)",99.01,5.50774202403524,64.5259842519685
"LCD (LED)",99.1,3.4821083383878686,49.49803149606299
"LCD (LED)",99.18,6.756709864424354,69.50275590551182
"LCD (LED)",99.2,4.248770058146791,54.63897637795275
"LCD (LED)",99.42,3.540587956597824,49.5003937007874
"LCD (LED)",99.7,6.382195704190277,74.52992125984252
"LCD (LED)",99.95,5.50774202403524,64.5259842519685
"LCD (LED)",99.95,5.8431668676196225,64.5259842519685
"LCD (LED)",100,4.051057550731866,50.08858267716535
"LCD (LED)",100.2,4.292298502011051,54.64488188976378
"LCD (LED)",100.21,5.0995760131951915,57.50354330708661
"LCD (LED)",100.53,4.642740091361377,54.63897637795275
"LCD (LED)",100.61,5.50774202403524,64.5259842519685
"LCD (LED)",100.64,6.045013280653004,64.5259842519685
"LCD (LED)",100.78,6.0328849373430415,64.5259842519685
"LCD (LED)",101,4.630644483160877,54.63897637795275
"LCD (LED)",101,4.642740091361377,54.63897637795275
"LCD (LED)",101.1,6.382195704190277,74.52992125984252
"LCD (LED)",101.23,3.506680454728492,49.5003937007874
"LCD (LED)",101.3,5.584895075395215,64.51889763779526
"LCD (LED)",101.3,5.634761250243758,64.4996062992126
"LCD (LED)",101.4,4.569588181025617,54.64488188976378
"LCD (LED)",101.54,6.086236121577596,65.09133858267717
"LCD (LED)",101.71,4.520387811337665,57.529921259842524
"LCD (LED)",102,4.581522729005154,54.64488188976378
"LCD (LED)",102,4.582585898004297,54.63897637795275
"LCD (LED)",102.1,4.0277565992665405,54.61062992125985
"LCD (LED)",102.3,4.148969036899082,54.64488188976378
"LCD (LED)",102.3,5.694724095108619,64.5259842519685
"LCD (LED)",102.546,6.766701504595493,74.52992125984252
"LCD (LED)",102.9,4.991584760760885,57.50354330708661
"LCD (LED)",102.9,5.6370589836888305,64.48464566929134
"LCD (LED)",103,4.53503722787905,54.63897637795275
"LCD (LED)",103,5.925136077633466,64.52637795275591
"LCD (LED)",103.3,4.638361742226943,55.204330708661416
"LCD (LED)",103.48,4.0111451391386845,54.63897637795275
"LCD (LED)",103.5,5.026305410059498,60.0751968503937
"LCD (LED)",103.5,5.407668463269548,64.4996062992126
"LCD (LED)",103.61,4.511450751759631,54.63897637795275
"LCD (LED)",103.99,6.0098525976602755,69.50275590551182
"LCD (LED)",104,3.6847444319425677,49.463779527559055
"LCD (LED)",104,4.487987765609641,54.63897637795275
"LCD (LED)",104,5.280728755120342,60.10354330708662
"LCD (LED)",104,5.873978957706609,64.4996062992126
"LCD (LED)",104.08,5.739877324630157,64.5259842519685
"LCD (LED)",104.2,5.51437398334165,64.4996062992126
"LCD (LED)",104.46,3.525501428231561,49.474409448818896
"LCD (LED)",104.78,6.085115800336112,69.51574803149606
"LCD (LED)",104.8,4.394282121921142,54.64488188976378
"LCD (LED)",104.9,4.248770058146791,54.63897637795275
"LCD (LED)",104.92,5.50774202403524,64.5259842519685
"LCD (LED)",105,4.169942590696454,54.62047244094488
"LCD (LED)",105,5.843120871392374,64.52637795275591
"LCD (LED)",105.156,4.68289179339109,57.50708661417323
"LCD (LED)",105.43,5.266578196996688,64.5259842519685
"LCD (LED)",105.46,4.0111451391386845,54.63897637795275
"LCD (LED)",105.58,5.50774202403524,64.5259842519685
"LCD (LED)",105.7,5.252227905908116,64.4996062992126
"LCD (LED)",105.8,4.025599758439423,57.42716535433071
"LCD (LED)",105.9,4.0428160845075745,54.63897637795275
"LCD (LED)",105.96,5.1714794128570825,64.4996062992126
"LCD (LED)",106,4.017199656533554,54.61062992125985
"LCD (LED)",106,7.033755235828371,74.51771653543307
"LCD (LED)",106.02,6.01015601007195,69.51574803149606
"LCD (LED)",106.2,4.603408888721034,57.51653543307087
"LCD (LED)",106.46,4.0111451391386845,54.63897637795275
"LCD (LED)",106.5,4.213086541630442,57.531496062992126
"LCD (LED)",106.6,5.252227905908116,64.4996062992126
"LCD (LED)",106.68,3.9679651265589566,54.59291338582677
"LCD (LED)",106.68,6.225623617945741,74.52992125984252
"LCD (LED)",106.97,6.864232951472192,74.51692913385827
"LCD (LED)",106.97,6.987943746291522,74.51692913385827
"LCD (LED)",107,4.337338279294821,54.64488188976378
"LCD (LED)",107,4.361092231544146,54.63897637795275
"LCD (LED)",107,5.751191081298563,64.52637795275591
"LCD (LED)",107.18,6.566521370096463,74.53582677165355
"LCD (LED)",107.27,5.125894264062151,64.5259842519685
"LCD (LED)",107.54,5.07670145267907,64.5259842519685
"LCD (LED)",107.8,2.3016370001659756,42.514566929133856
"LCD (LED)",108,3.515845662977594,49.49803149606299
"LCD (LED)",108,4.327098995599919,54.63897637795275
"LCD (LED)",108.5,5.252227905908116,64.4996062992126
"LCD (LED)",108.56,5.681650596552234,64.48464566929134
"LCD (LED)",108.6,5.266578196996688,64.5259842519685
"LCD (LED)",109,4.2821721018566965,54.63897637795275
"LCD (LED)",109,5.68346052076461,64.52637795275591
"LCD (LED)",109.038,6.314624076977698,69.50984251968504
"LCD (LED)",109.19,3.5897619125363893,54.63897637795275
"LCD (LED)",109.4,6.018896730900076,74.52992125984252
"LCD (LED)",109.48,5.661155248126301,64.5259842519685
"LCD (LED)",109.65,5.066927359125772,64.5259842519685
"LCD (LED)",109.77,6.423593808048994,74.53582677165355
"LCD (LED)",109.86,6.451213523728212,74.51771653543307
"LCD (LED)",110,4.237691139975824,54.63897637795275
"LCD (LED)",110,5.634761250243758,64.4996062992126
"LCD (LED)",110,5.638868907901208,64.52637795275591
"LCD (LED)",110.08,5.519630522141826,64.51889763779526
"LCD (LED)",110.448,5.0086802835918505,64.52637795275591
"LCD (LED)",110.54,5.014220466297351,64.4996062992126
"LCD (LED)",111,4.20014016402227,54.61062992125985
"LCD (LED)",111,4.204617778661293,54.63897637795275
"LCD (LED)",111.08,6.001278565074133,69.51299212598424
"LCD (LED)",111.2,6.283698989455167,74.52992125984252
"LCD (LED)",111.6,5.1556252552474255,64.52637795275591
"LCD (LED)",111.7,4.000637701458118,54.63897637795275
"LCD (LED)",111.72,6.371087818075435,74.51732283464567
"LCD (LED)",111.93,3.5897619125363893,54.63897637795275
"LCD (LED)",112,3.3515376495890017,49.4988188976378
"LCD (LED)",112,4.15641864535007,54.61062992125985
"LCD (LED)",112,4.156418645350071,54.61062992125985
"LCD (LED)",112,4.160896259989094,54.63897637795275
"LCD (LED)",112,4.17178671520942,54.63897637795275
"LCD (LED)",112,4.614185305103671,57.49566929133858
"LCD (LED)",112,5.5509951097435115,64.52637795275591
"LCD (LED)",112,6.779470139065108,74.54251968503937
"LCD (LED)",112.6,3.25280174954386,49.49803149606299
"LCD (LED)",113,4.1175971780535745,54.63897637795275
"LCD (LED)",113,4.127319622245539,54.64488188976378
"LCD (LED)",113,4.1283827912446815,54.63897637795275
"LCD (LED)",113,5.507696027807992,64.52637795275591
"LCD (LED)",113,5.50774202403524,64.5259842519685
"LCD (LED)",113.6,6.293451811841376,74.52992125984252
"LCD (LED)",113.8,3.5093262062834767,54.61062992125985
"LCD (LED)",113.9,5.037686340309588,64.52637795275591
"LCD (LED)",114,4.08539521829021,54.63897637795275
"LCD (LED)",114,5.475494068044627,64.52637795275591
"LCD (LED)",114.354,5.236057624197626,64.5259842519685
"LCD (LED)",114.36,6.008562665563702,74.51732283464567
"LCD (LED)",114.6,7.3426024192183235,84.56023622047243
"LCD (LED)",114.85,5.0183281239548,64.52637795275591
"LCD (LED)",115,4.02167727117258,54.63897637795275
"LCD (LED)",115,4.053423000980519,54.63897637795275
"LCD (LED)",115,4.05342300098052,54.63897637795275
"LCD (LED)",115,5.053020882854866,64.4996062992126
"LCD (LED)",115,5.147539425779542,65.20984251968504
"LCD (LED)",115,5.443521850734936,64.52637795275591
"LCD (LED)",115.4,5.910030969707462,74.52992125984252
"LCD (LED)",115.41,4.213086541630442,57.531496062992126
"LCD (LED)",115.56,6.0761614801848705,74.54330708661418
"LCD (LED)",115.68,5.018374120182047,64.5259842519685
"LCD (LED)",115.82,3.6767825131441074,54.63897637795275
"LCD (LED)",115.84,3.513803820922501,54.63897637795275
"LCD (LED)",115.94,4.979906758518055,64.5259842519685
"LCD (LED)",116,4.0111451391386845,54.63897637795275
"LCD (LED)",116,5.397136331235652,64.4996062992126
"LCD (LED)",116,5.401243988893101,64.52637795275591
"LCD (LED)",116,5.402392870035829,64.51889763779526
"LCD (LED)",116.25,4.9702952941602625,64.52637795275591
"LCD (LED)",117,4.757876673363782,60.0751968503937
"LCD (LED)",117,5.355253595377076,64.4996062992126
"LCD (LED)",117,5.35525359537708,64.4996062992126
"LCD (LED)",117,5.35936125303452,64.52637795275591
"LCD (LED)",117,5.359361253034525,64.52637795275591
"LCD (LED)",117.13,5.008726279819099,64.5259842519685
"LCD (LED)",117.3,3.570651350024759,54.63897637795275
"LCD (LED)",117.3,5.348997441752395,64.5259842519685
"LCD (LED)",117.5,6.577345687786619,74.54330708661418
"LCD (LED)",117.55,3.513803820922501,54.63897637795275
"LCD (LED)",117.61,6.147318344386143,74.54488188976377
"LCD (LED)",118,5.328204093107946,64.52637795275591
"LCD (LED)",118,5.328250089335192,64.5259842519685
"LCD (LED)",118.27,6.534122799891754,74.52992125984252
"LCD (LED)",118.7,3.8651735448120057,54.64488188976378
"LCD (LED)",119,3.8651735448120057,54.64488188976378
"LCD (LED)",119,3.8968964921306344,54.63897637795275
"LCD (LED)",119,5.286995341885052,64.52637795275591
"LCD (LED)",119.01,5.066927359125772,64.5259842519685
"LCD (LED)",119.3,4.8570744481591746,64.52637795275591
"LCD (LED)",119.346,7.2934680150976785,85.46692913385827
"LCD (LED)",119.45,4.755789053658901,64.5259842519685
"LCD (LED)",119.8,5.674342105702985,74.52992125984252
"LCD (LED)",120,3.570651350024759,54.63897637795275
"LCD (LED)",120,3.851585609859216,54.61062992125985
"LCD (LED)",120,5.246162074252658,64.52637795275591
"LCD (LED)",120,5.256335563565565,64.52637795275591
"LCD (LED)",120.56,6.011546682493634,74.54330708661418
"LCD (LED)",120.81,5.149211315232029,64.51456692913385
"LCD (LED)",121,3.764463236493867,54.64488188976378
"LCD (LED)",121,5.225884120569299,64.52637795275591
"LCD (LED)",122,3.7248043925574743,54.64488188976378
"LCD (LED)",122,4.227886810654365,57.49566929133858
"LCD (LED)",122,4.792372278184471,64.5259842519685
"LCD (LED)",122,5.175587070514531,64.52637795275591
"LCD (LED)",122,5.777565558686364,74.52992125984252
"LCD (LED)",122.1,5.175291386032454,64.52283464566929
"LCD (LED)",123,5.135751962733489,64.52637795275591
"LCD (LED)",123.27,6.094876057574918,74.54251968503937
"LCD (LED)",123.6,5.509077110635397,69.5035433070866
"LCD (LED)",123.8,3.0108774074938265,54.61062992125985
"LCD (LED)",123.8,5.910030969707462,74.52992125984252
"LCD (LED)",123.94,5.7179341816321125,69.51299212598424
"LCD (LED)",124,5.1159664113110335,64.52637795275591
"LCD (LED)",124,6.324742858947655,74.54251968503937
"LCD (LED)",125,5.062773705241075,64.4996062992126
"LCD (LED)",125,5.066881362898524,64.52637795275591
"LCD (LED)",125,5.066927359125772,64.5259842519685
"LCD (LED)",125.66,5.664686296385817,74.51732283464567
"LCD (LED)",126,4.047440238919245,74.51496062992126
"LCD (LED)",126,5.027996779523445,64.52637795275591
"LCD (LED)",126,5.047396896910166,64.52637795275591
"LCD (LED)",126,6.0213337487811565,74.44881889763779
"LCD (LED)",126,6.263015743468501,74.51771653543307
"LCD (LED)",126.2,3.5982846725777753,54.64488188976378
"LCD (LED)",126.7,3.5600633737892173,54.64488188976378
"LCD (LED)",127,4.99905316900289,64.52637795275591
"LCD (LED)",127.12,6.011546682493634,74.54330708661418
"LCD (LED)",127.69,5.590102405040369,74.52992125984252
"LCD (LED)",127.7,6.196865743103114,74.52992125984252
"LCD (LED)",127.8,4.594420943933631,64.52283464566929
"LCD (LED)",127.86,3.5199652925266594,54.61456692913386
"LCD (LED)",128,2.7593980174024337,49.49803149606299
"LCD (LED)",128.1,4.503588370150543,64.4996062992126
"LCD (LED)",128.2,3.5221653033837876,54.64488188976378
"LCD (LED)",128.4,4.524965490865716,64.52637795275591
"LCD (LED)",128.8,4.325413975647905,60.10354330708662
"LCD (LED)",128.9,4.9068324559328165,69.50314960629922
"LCD (LED)",129,4.922771835891622,64.52637795275591
"LCD (LED)",129.06,6.141721564398819,74.54330708661418
"LCD (LED)",129.1,3.503335779389237,54.64488188976378
"LCD (LED)",129.47,4.507742024035239,64.5259842519685
"LCD (LED)",129.6,4.88626150283395,64.51889763779526
"LCD (LED)",129.79,5.664686296385817,74.51732283464567
"LCD (LED)",129.8,4.481915975211493,64.52637795275591
"LCD (LED)",130,4.885112621691222,64.52637795275591
"LCD (LED)",130,6.113587651012818,74.54251968503937
"LCD (LED)",130,6.119827201301709,74.51771653543307
"LCD (LED)",130.146,6.122892040404269,74.54330708661418
"LCD (LED)",130.15,4.507742024035239,64.5259842519685
"LCD (LED)",130.6,3.0531951923666925,54.61062992125985
"LCD (LED)",130.7,3.4103569230787825,54.64488188976378
"LCD (LED)",130.9,5.00597447953011,69.51732283464567
"LCD (LED)",131.3,4.8284525181425515,64.43110236220473
"LCD (LED)",131.33,5.50624872605241,74.51732283464567
"LCD (LED)",132,3.425384561563088,54.61062992125985
"LCD (LED)",132,4.829210606366519,64.52637795275591
"LCD (LED)",132,7.249808472101204,85.60039370078741
"LCD (LED)",132.27,4.585984129930489,64.5259842519685
"LCD (LED)",132.61,4.500629776686056,64.46535433070866
"LCD (LED)",132.81,4.507742024035239,64.5259842519685
"LCD (LED)",133,6.018896730900076,74.52992125984252
"LCD (LED)",133.1,2.968955491704075,54.61062992125985
"LCD (LED)",133.75,4.507742024035239,64.5259842519685
"LCD (LED)",133.76,5.509240824730889,74.54330708661418
"LCD (LED)",134,4.755743057431653,64.52637795275591
"LCD (LED)",134,5.981072460590566,74.51771653543307
"LCD (LED)",134.33,4.330320507536826,64.5259842519685
"LCD (LED)",134.4,4.016518199742423,64.48464566929134
"LCD (LED)",134.4,4.590608970758261,64.4996062992126
"LCD (LED)",134.6,5.482906012508416,74.52992125984252
"LCD (LED)",134.62,4.112065758126246,64.5259842519685
"LCD (LED)",134.76,4.871916240305556,69.51417322834645
"LCD (LED)",134.93,4.31378388317228,64.5259842519685
"LCD (LED)",135,3.3282940378441888,54.64488188976378
"LCD (LED)",135,5.281262908225567,69.48700787401576
"LCD (LED)",135.11,4.719456056597748,64.52637795275591
"LCD (LED)",135.48,4.887499119778651,69.50984251968504
"LCD (LED)",135.9,5.0560574392483195,69.50275590551182
"LCD (LED)",136,3.302333486054286,54.63897637795275
"LCD (LED)",136,4.688324678151254,64.4996062992126
"LCD (LED)",136,5.920907365130298,74.54251968503937
"LCD (LED)",136.1,4.5045888629198965,65.16259842519685
"LCD (LED)",136.6,2.8570329065739766,54.64488188976378
"LCD (LED)",136.6,3.2565897862437874,54.64488188976378
"LCD (LED)",137,3.262075880009737,54.61062992125985
"LCD (LED)",137,4.050393944753631,60.10354330708662
"LCD (LED)",137,4.656652344403179,64.52637795275591
"LCD (LED)",137,5.881981747562091,74.51771653543307
"LCD (LED)",137,5.885127373724774,74.54251968503937
"LCD (LED)",137,5.890899999495833,74.51771653543307
"LCD (LED)",137.1,5.515617253494867,74.52992125984252
"LCD (LED)",137.7,5.632024320830119,74.52992125984252
"LCD (LED)",137.97,4.104182871102088,64.5259842519685
"LCD (LED)",138,2.4216983016909657,49.4988188976378
"LCD (LED)",138,4.023797901601759,60.10354330708662
"LCD (LED)",138,4.62589592565582,64.4996062992126
"LCD (LED)",138,4.795139162334372,66.59527559055117
"LCD (LED)",138,5.857093446876125,74.53700787401576
"LCD (LED)",138,6.090700128194929,76.66850393700787
"LCD (LED)",138,7.050601449047956,85.60039370078741
"LCD (LED)",138.7,4.560854236811447,64.51889763779526
"LCD (LED)",138.82,5.005691320259438,69.50314960629922
"LCD (LED)",139,5.823191657737304,74.54251968503937
"LCD (LED)",139.5,2.569989333843333,54.61062992125985
"LCD (LED)",139.54,4.646994909492895,69.51417322834645
"LCD (LED)",140,3.169606505914303,54.63897637795275
"LCD (LED)",140,4.534774123722858,64.51889763779526
"LCD (LED)",140,4.550995109743512,64.52637795275591
"LCD (LED)",140,4.555597698011271,64.4996062992126
"LCD (LED)",140,5.0929714771961745,74.52992125984252
"LCD (LED)",140,5.777103744055873,74.5279527559055
"LCD (LED)",140,5.785034758827632,74.51771653543307
"LCD (LED)",140.3,3.1685433369151603,54.64488188976378
"LCD (LED)",140.4,5.246803153276395,74.54251968503937
"LCD (LED)",140.56,4.215825444831754,64.5259842519685
"LCD (LED)",140.89,4.68082480321312,69.51299212598424
"LCD (LED)",141,4.524965490865716,64.52637795275591
"LCD (LED)",141.108,4.338611758963385,64.5259842519685
"LCD (LED)",142,3.1089873384835816,54.63897637795275
"LCD (LED)",142,4.499086188237998,64.52637795275591
"LCD (LED)",142,6.813691827932876,84.56023622047243
"LCD (LED)",142.4,4.064929099692862,64.52637795275591
"LCD (LED)",142.43,5.005691320259438,69.50314960629922
"LCD (LED)",143,5.691381746451486,74.52992125984252
"LCD (LED)",143,5.69328632683023,74.54251968503937
"LCD (LED)",143,6.779416937203513,84.56023622047243
"LCD (LED)",143.6,4.42348194480271,64.51889763779526
"LCD (LED)",143.6,6.1810066679482025,84.56023622047243
"LCD (LED)",144,4.439276071054277,64.52637795275591
"LCD (LED)",144,5.079211885538874,69.51338582677165
"LCD (LED)",144,5.659271589581614,74.54251968503937
"LCD (LED)",144.1,5.244898572897651,74.52992125984252
"LCD (LED)",144.2,4.6703307864310215,69.5035433070866
"LCD (LED)",144.3,4.381402573498731,64.51889763779526
"LCD (LED)",144.5,4.026107375108334,64.5259842519685
"LCD (LED)",144.6,4.398186938129049,64.51889763779526
"LCD (LED)",144.63,5.2855227827737865,74.54330708661418
"LCD (LED)",145,4.405453871887269,64.52637795275591
"LCD (LED)",145,5.031451357111935,69.47086614173227
"LCD (LED)",145,6.720059511582148,84.56023622047243
"LCD (LED)",145.09,5.109758289817168,74.54330708661418
"LCD (LED)",145.4,5.026249349641676,74.52992125984252
"LCD (LED)",145.65,5.189895201395687,74.51771653543307
"LCD (LED)",146,4.367777367247502,64.4996062992126
"LCD (LED)",146,4.371885024904951,64.52637795275591
"LCD (LED)",146,5.5984554738478,74.52992125984252
"LCD (LED)",146,5.598455473847803,74.52992125984252
"LCD (LED)",146.23,4.50814462528128,69.51417322834645
"LCD (LED)",146.3,4.515746696854434,69.51417322834645
"LCD (LED)",147,4.338565762736138,64.52637795275591
"LCD (LED)",147,5.5722017857297095,74.51771653543307
"LCD (LED)",147.1,3.8905659403682784,69.50314960629922
"LCD (LED)",147.1,3.914883983899757,64.4996062992126
"LCD (LED)",147.1,4.306641282564334,64.51889763779526
"LCD (LED)",147.1,4.31488676808776,64.51889763779526
"LCD (LED)",147.44,4.018374120182047,64.5259842519685
"LCD (LED)",147.6,4.306641282564334,64.51889763779526
"LCD (LED)",148,2.5062783445651067,54.63897637795275
"LCD (LED)",148,2.889684563715858,54.64488188976378
"LCD (LED)",148,2.9191614225515905,54.61062992125985
"LCD (LED)",148,4.30963022928758,64.4996062992126
"LCD (LED)",148,4.313737886945033,64.52637795275591
"LCD (LED)",148.2,5.753881710749156,84.56023622047243
"LCD (LED)",148.69,5.0992865182334395,74.51732283464567
"LCD (LED)",149.2,4.233106759295557,64.51889763779526
"LCD (LED)",149.34,4.742221229851546,69.51574803149606
"LCD (LED)",149.8,4.216928329747233,64.51889763779526
"LCD (LED)",150,4.248194925327537,64.52637795275591
"LCD (LED)",150,5.481664966724477,74.51771653543307
"LCD (LED)",150.59,6.18848193259678,84.56023622047243
"LCD (LED)",150.64,4.173950665703787,64.52007874015747
"LCD (LED)",151,4.225010243782075,64.51889763779526
"LCD (LED)",151,5.4523363919609436,74.54251968503937
"LCD (LED)",151.11,4.223907358866596,64.5259842519685
"LCD (LED)",151.8,3.584230492609061,64.5259842519685
"LCD (LED)",152,4.187513133423114,64.4996062992126
"LCD (LED)",152,4.191620791080563,64.52637795275591
"LCD (LED)",152,4.199659214971653,64.52637795275591
"LCD (LED)",152.07,3.514641825425533,64.5259842519685
"LCD (LED)",152.2,6.012429698774048,84.56023622047243
"LCD (LED)",153,4.159610511283939,64.52637795275591
"LCD (LED)",153,4.799031899995404,69.51338582677165
"LCD (LED)",153,5.388085540605535,74.54251968503937
"LCD (LED)",153,5.392921074375575,74.51771653543307
"LCD (LED)",153.1,4.967763428275685,74.52992125984252
"LCD (LED)",153.24,5.388004753545411,74.54330708661418
"LCD (LED)",154,2.741175498340048,54.61062992125985
"LCD (LED)",154,4.1316443050760405,64.4996062992126
"LCD (LED)",154,4.13575196273349,64.52637795275591
"LCD (LED)",154,4.76719219151223,69.51338582677165
"LCD (LED)",154,5.363765317705205,74.54055118110236
"LCD (LED)",154,5.376740651485925,74.63740157480315
"LCD (LED)",154,6.556278725607263,85.6011811023622
"LCD (LED)",154.03,5.035437844893429,74.54330708661418
"LCD (LED)",154.08,4.01060819074902,64.52637795275591
"LCD (LED)",154.66,5.0992865182334395,74.51732283464567
"LCD (LED)",155,4.10413687487484,64.52637795275591
"LCD (LED)",155,5.33070732381769,74.52992125984252
"LCD (LED)",155,5.330707323817691,74.52992125984252
"LCD (LED)",155,6.532617627633684,85.60039370078741
"LCD (LED)",156,2.690472220854529,54.63897637795275
"LCD (LED)",156,4.076463412951497,64.4996062992126
"LCD (LED)",156,4.080571070608947,64.52637795275591
"LCD (LED)",156,4.080617066836194,64.5259842519685
"LCD (LED)",156,5.3090460999305416,74.54251968503937
"LCD (LED)",156,5.313741980786467,74.51771653543307
"LCD (LED)",156,6.50109783348272,85.6011811023622
"LCD (LED)",156.29,4.674465492961469,74.54330708661418
"LCD (LED)",157,5.277816565063631,74.54251968503937
"LCD (LED)",157.4,3.584230492609061,64.5259842519685
"LCD (LED)",157.47,5.0060513781658935,74.54330708661418
"LCD (LED)",157.82,4.662455826012662,69.61220472440945
"LCD (LED)",158,2.6282292742003825,54.63897637795275
"LCD (LED)",158,4.0183281239548,64.52637795275591
"LCD (LED)",158,4.021953721223637,64.4996062992126
"LCD (LED)",158,5.246803153276395,74.54251968503937
"LCD (LED)",158,5.25139078204,74.51771653543307
"LCD (LED)",158.68,3.5215522664520975,64.5259842519685
"LCD (LED)",158.9,3.9428696675400574,64.51889763779526
"LCD (LED)",159.15,3.9652313941484554,74.54330708661418
"LCD (LED)",159.3,5.175893306913336,74.52992125984252
"LCD (LED)",159.55,3.5912491629830012,64.5259842519685
"LCD (LED)",159.6,4.782789674433651,74.52992125984252
"LCD (LED)",159.72,2.5505587676437713,54.64488188976378
"LCD (LED)",160,3.6489006861400743,64.51889763779526
"LCD (LED)",160,4.208093332227213,69.49015748031496
"LCD (LED)",160,5.189895201395687,74.51771653543307
"LCD (LED)",160.49,5.018896730900075,74.52992125984252
"LCD (LED)",160.8,5.181006667948202,84.56023622047243
"LCD (LED)",160.91,5.169734141369045,74.54055118110236
"LCD (LED)",161,4.0424930360697555,69.50314960629922
"LCD (LED)",161,4.573161015176071,69.51338582677165
"LCD (LED)",161,5.167050189556242,74.51771653543307
"LCD (LED)",161.33,4.8125787386432854,74.54330708661418
"LCD (LED)",162,2.5213419557826757,54.63897637795275
"LCD (LED)",162,4.617398287285496,74.51732283464567
"LCD (LED)",162,5.136770208696005,74.51771653543307
"LCD (LED)",163,5.109839076877291,74.54251968503937
"LCD (LED)",164,3.8589382120112505,64.52637795275591
"LCD (LED)",165,5.054540009525431,74.51771653543307
"LCD (LED)",165,5.055781055309371,74.52992125984252
"LCD (LED)",165,5.057685635688115,74.54251968503937
"LCD (LED)",165.5,4.632024320830119,74.52992125984252
"LCD (LED)",165.8,4.596431533399473,74.54488188976377
"LCD (LED)",166,5.0336140515748085,74.52992125984252
"LCD (LED)",167,4.998815559326946,74.54251968503937
"LCD (LED)",167.08,4.5111751402328695,74.51732283464567
"LCD (LED)",167.38,5.503015094115111,84.56023622047243
"LCD (LED)",168,2.3583632635610687,54.63897637795275
"LCD (LED)",168,3.5423477567504844,64.5259842519685
"LCD (LED)",168,4.973791516474398,74.51771653543307
"LCD (LED)",168.2,5.50399093294664,81.56811023622046
"LCD (LED)",168.3,2.110707983587355,54.63897637795275
"LCD (LED)",168.67,3.514641825425533,64.5259842519685
"LCD (LED)",169,4.95201939210664,74.51771653543307
"LCD (LED)",169.26,4.517660502557614,74.51771653543307
"LCD (LED)",169.46,4.514159157162802,74.54330708661418
"LCD (LED)",169.86,4.5111751402328695,74.51732283464567
"LCD (LED)",170,4.91720698423956,74.52992125984252
"LCD (LED)",171,3.2359613903435784,64.4996062992126
"LCD (LED)",171,4.894472275585927,74.51771653543307
"LCD (LED)",171,4.895713321369865,74.52992125984252
"LCD (LED)",171.2,3.2424609130459143,64.4996062992126
"LCD (LED)",171.9,3.6205371729918245,64.51889763779526
"LCD (LED)",172,4.873081208156259,74.51771653543307
"LCD (LED)",172,5.955249718986985,84.56023622047243
"LCD (LED)",172.02,5.503015094115111,84.56023622047243
"LCD (LED)",172.1,4.525477367742598,74.52992125984252
"LCD (LED)",172.13,5.515874271138391,84.56023622047243
"LCD (LED)",173,2.2222265247655284,54.63897637795275
"LCD (LED)",173,4.840800403841541,74.54251968503937
"LCD (LED)",173,5.926931014214825,84.56023622047243
"LCD (LED)",173.3,4.507602579376243,74.54330708661418
"LCD (LED)",174,5.060747533105207,76.66850393700787
"LCD (LED)",174.4,5.289872429140815,84.56023622047243
"LCD (LED)",174.7,4.201837238388788,74.52992125984252
"LCD (LED)",175,5.032738566194168,76.66850393700787
"LCD (LED)",175.2,5.074722948442811,84.56023622047243
"LCD (LED)",175.3,3.008043456197783,64.4996062992126
"LCD (LED)",175.4,4.732242536302513,74.54488188976377
"LCD (LED)",175.6,4.732242536302513,74.54488188976377
"LCD (LED)",175.6,4.733025430966904,74.51771653543307
"LCD (LED)",175.9,3.036956400231941,64.5259842519685
"LCD (LED)",176,4.783290449275672,74.63740157480315
"LCD (LED)",176,5.856907400218116,84.56023622047243
"LCD (LED)",176.1,3.0702000714459654,64.4996062992126
"LCD (LED)",177.17,4.277735778003507,74.54330708661418
"LCD (LED)",177.41,5.515874271138391,84.56023622047243
"LCD (LED)",178,4.119545498871114,69.5220472440945
"LCD (LED)",178,4.7155351644065915,74.54251968503937
"LCD (LED)",178,4.976100869213291,76.84133858267717
"LCD (LED)",178,5.801665774779875,84.56023622047243
"LCD (LED)",179.2,4.665846519997129,74.52992125984252
"LCD (LED)",179.5,3.4336400604880652,64.51889763779526
"LCD (LED)",179.61,5.109871521703537,84.56023622047243
"LCD (LED)",180,3.0183281239547997,64.52637795275591
"LCD (LED)",180,4.533886643683078,74.54330708661418
"LCD (LED)",180,4.67140065385891,74.51771653543307
"LCD (LED)",180.2,4.00591023039129,69.51574803149606
"LCD (LED)",180.5,5.314428217252791,84.56023622047243
"LCD (LED)",180.9,4.214098313390782,74.52992125984252
"LCD (LED)",181,4.640672950815304,74.54251968503937
"LCD (LED)",181,4.644281538618003,74.51771653543307
"LCD (LED)",181.1,4.618566592645355,74.52992125984252
"LCD (LED)",181.25,4.283964298975181,74.54330708661418
"LCD (LED)",182,4.617325546861416,74.51771653543307
"LCD (LED)",182,4.618566592645355,74.52992125984252
"LCD (LED)",182.3,4.042599711063555,69.50275590551182
"LCD (LED)",182.7,2.506347016047272,64.4996062992126
"LCD (LED)",183,4.59367635407977,74.54251968503937
"LCD (LED)",183,4.593676354079774,74.54251968503937
"LCD (LED)",184,5.765807692130701,85.60039370078741
"LCD (LED)",186,4.520806128720297,74.54251968503937
"LCD (LED)",186,5.395014904437214,82.51377952755905
"LCD (LED)",186.3,4.5207253416601745,74.54330708661418
"LCD (LED)",187,4.4926943384626155,74.52992125984252
"LCD (LED)",187,5.69325920370442,85.60039370078741
"LCD (LED)",187.1,4.468463290262498,74.54330708661418
"LCD (LED)",187.3,4.6907615332973895,76.66377952755906
"LCD (LED)",187.9,4.453668662656631,74.52992125984252
"LCD (LED)",189,4.4491018771198965,74.54251968503937
"LCD (LED)",189.3,4.01967621728369,74.3992125984252
"LCD (LED)",189.93,5.005242174991583,84.56023622047243
"LCD (LED)",190,3.194834430599937,64.52637795275591
"LCD (LED)",190,4.063194489783653,74.52992125984252
"LCD (LED)",190,4.423309459921533,74.54251968503937
"LCD (LED)",191,4.673133217698123,84.56023622047243
"LCD (LED)",191.2,5.840830614744471,97.48188976377953
"LCD (LED)",191.3,4.376622293003026,74.52992125984252
"LCD (LED)",191.4,4.052634931284711,74.58346456692914
"LCD (LED)",192,4.381751426142053,74.51771653543307
"LCD (LED)",192,5.252735649098687,82.51377952755905
"LCD (LED)",192,5.464657483755054,84.56023622047243
"LCD (LED)",193,3.130995457651129,64.52637795275591
"LCD (LED)",193.3,4.307141519551798,74.52992125984252
"LCD (LED)",194,4.334187372701929,74.54251968503937
"LCD (LED)",194.11,2.5105006699319685,64.5259842519685
"LCD (LED)",194.8,4.294623578122787,74.52992125984252
"LCD (LED)",195,3.8874113908802133,74.51732283464567
"LCD (LED)",195,4.307141519551798,74.52992125984252
"LCD (LED)",195,4.309046099930541,74.54251968503937
"LCD (LED)",195,5.395176710303825,84.56023622047243
"LCD (LED)",195.5,2.5229346480061015,64.4996062992126
"LCD (LED)",196,5.376412886166596,84.56023622047243
"LCD (LED)",197.27,5.349203658000996,84.5259842519685
"LCD (LED)",197.4,5.650540933575439,97.48188976377953
"LCD (LED)",198,1.61757464946179,54.61062992125985
"LCD (LED)",198,4.238721562798084,74.52992125984252
"LCD (LED)",198,4.240626143176827,74.54251968503937
"LCD (LED)",198,5.32675675355011,84.56023622047243
"LCD (LED)",198,5.332933763649678,84.56023622047243
"LCD (LED)",198,5.438925989689485,85.60039370078741
"LCD (LED)",198.1,4.201837238388788,74.52992125984252
"LCD (LED)",199,5.308276644402545,84.56023622047243
"LCD (LED)",199.04,4.0089292588902365,74.51732283464567
"LCD (LED)",199.6,4.052634931284711,74.58346456692914
"LCD (LED)",199.69,5.241160861305282,84.56023622047243
"LCD (LED)",200,4.2005961926048485,74.51771653543307
"LCD (LED)",200,4.954593850080353,81.47007874015748
"LCD (LED)",200,5.283754448507723,84.56023622047243
"LCD (LED)",200.3,4.171330516648757,74.52992125984252
"LCD (LED)",200.76,5.086408535553546,84.56023622047243
"LCD (LED)",201,3.7480767191677016,74.52992125984252
"LCD (LED)",201.6,5.217002203781339,84.56023622047243
"LCD (LED)",202,5.241160861305282,84.56023622047243
"LCD (LED)",202.84,5.005242174991583,84.56023622047243
"LCD (LED)",203,2.89828890642901,64.4996062992126
"LCD (LED)",203,2.898288906429012,64.4996062992126
"LCD (LED)",203,2.9023965640864606,64.52637795275591
"LCD (LED)",203,4.130871593408056,74.54251968503937
"LCD (LED)",203.37,4.035437844893428,74.54330708661418
"LCD (LED)",203.5,3.673105632499593,74.54330708661418
"LCD (LED)",203.64,4.091803171836315,74.51732283464567
"LCD (LED)",204,4.106842473544156,74.54251968503937
"LCD (LED)",204.42,4.032113231960581,74.51417322834645
"LCD (LED)",204.59,4.732206117741302,84.56023622047243
"LCD (LED)",205,2.8604297813769004,64.52637795275591
"LCD (LED)",205.79,6.058358192865256,99.52125984251968
"LCD (LED)",206,1.446525191086384,54.63897637795275
"LCD (LED)",206,2.8366240408408006,64.52637795275591
"LCD (LED)",206,3.63876837043656,74.52992125984252
"LCD (LED)",206,5.15122968053568,84.56023622047243
"LCD (LED)",206,5.263090393871955,85.6011811023622
"LCD (LED)",206,5.263161496732867,85.60039370078741
"LCD (LED)",208.1,3.1531256705532553,74.52992125984252
"LCD (LED)",208.3,3.0053993511286836,74.52992125984252
"LCD (LED)",208.8,4.004949067951377,74.53543307086613
"LCD (LED)",209.07,4.5676831732240135,84.56023622047243
"LCD (LED)",211,4.732764414599296,81.55314960629921
"LCD (LED)",211,5.045641599680856,84.56023622047243
"LCD (LED)",212,2.7136773064511392,64.52637795275591
"LCD (LED)",212,3.9363810276760227,74.54251968503937
"LCD (LED)",212,4.904106439037617,85.52755905511812
"LCD (LED)",212,5.134275172185824,85.60039370078741
"LCD (LED)",212.4,4.169072119968664,84.56023622047243
"LCD (LED)",213,2.684894804699953,64.52637795275591
"LCD (LED)",214,3.8961886495860476,74.54251968503937
"LCD (LED)",214.5,3.865794334872501,74.52992125984252
"LCD (LED)",214.72,4.504860044520296,85.6011811023622
"LCD (LED)",214.8,2.6177106701433326,64.51889763779526
"LCD (LED)",214.94,4.5261882460425475,84.56023622047243
"LCD (LED)",215,4.959513001488052,84.56023622047243
"LCD (LED)",216,4.116919246611706,76.84133858267717
"LCD (LED)",216,4.7305623175219225,82.51377952755905
"LCD (LED)",216,4.94248415217829,84.56023622047243
"LCD (LED)",217,1.210697106755252,54.61062992125985
"LCD (LED)",217,4.707957376187206,82.51377952755905
"LCD (LED)",217.19,4.572897158824071,84.56023622047243
"LCD (LED)",218.95,4.560298448349188,85.601968503937
"LCD (LED)",220,2.5395839059836804,64.4996062992126
"LCD (LED)",220,2.5492550902622355,64.52637795275591
"LCD (LED)",220,4.032732297769424,76.84133858267717
"LCD (LED)",220,4.858297203336008,84.56023622047243
"LCD (LED)",223,1.0928454851474543,54.63897637795275
"LCD (LED)",223,2.0552036711124773,64.4996062992126
"LCD (LED)",223,4.79754997459675,84.56023622047243
"LCD (LED)",223.7,4.164307185848597,84.56023622047243
"LCD (LED)",224.4,3.6604177850901025,74.52992125984252
"LCD (LED)",225,4.759317029933,84.56023622047243
"LCD (LED)",226,2.3864312855854646,64.51889763779526
"LCD (LED)",226,5.555877066630214,97.48188976377953
"LCD (LED)",226.38,4.5261882460425475,84.56023622047243
"LCD (LED)",227.42,4.112224590866406,84.56023622047243
"LCD (LED)",227.9,4.683815988234116,84.56023622047243
"LCD (LED)",228.29,4.112224590866406,84.56023622047243
"LCD (LED)",229.8,4.646537174546252,84.56023622047243
"LCD (LED)",230.268,4.378910194739287,84.56023622047243
"LCD (LED)",231,4.1666614702072025,85.6011811023622
"LCD (LED)",232,3.536097167305912,74.51771653543307
"LCD (LED)",233,4.275148512260399,81.47007874015748
"LCD (LED)",235.8,4.5210282913933515,84.56023622047243
"LCD (LED)",236.68,4.032905349977934,84.56023622047243
"LCD (LED)",237,3.4400576356692643,74.54251968503937
"LCD (LED)",237.1,2.0394398694657525,64.5259842519685
"LCD (LED)",237.4,5.827252980961725,98.27007874015747
"LCD (LED)",237.5,4.07789184606401,85.52755905511812
"LCD (LED)",237.7,4.49019271020941,84.56023622047243
"LCD (LED)",238.4,3.386818930206902,74.52992125984252
"LCD (LED)",238.7,4.47485412095893,84.56023622047243
"LCD (LED)",239.1,4.065396368348663,84.56023622047243
"LCD (LED)",239.8,4.454483994442147,84.56023622047243
"LCD (LED)",240.73,4.005242174991582,84.56023622047243
"LCD (LED)",241,4.560476220481952,85.60039370078741
"LCD (LED)",241.58,5.515246011667352,99.52125984251968
"LCD (LED)",242,3.3058881507510876,74.52992125984252
"LCD (LED)",242,3.3461708500067613,74.52992125984252
"LCD (LED)",242,5.673423805130912,97.51496062992125
"LCD (LED)",242.5,3.3058881507510876,74.52992125984252
"LCD (LED)",243.11,3.0089292588902365,74.51732283464567
"LCD (LED)",245,2.0643045550444086,64.52637795275591
"LCD (LED)",245,3.2927795843660035,74.54251968503937
"LCD (LED)",245,4.378910194739287,84.56023622047243
"LCD (LED)",245.5,5.135764682003166,97.51771653543307
"LCD (LED)",247,3.254797646387012,74.51771653543307
"LCD (LED)",247,4.339119299645809,84.56023622047243
"LCD (LED)",248,2.0096826918056427,64.52637795275591
"LCD (LED)",248,4.112366496844155,82.51377952755905
"LCD (LED)",248,4.324288331500522,84.56023622047243
"LCD (LED)",248.6,2.7591556373386688,74.52992125984252
"LCD (LED)",250,4.284977376641311,84.56023622047243
"LCD (LED)",250,4.395793552319711,85.6011811023622
"LCD (LED)",250,4.395864655180622,85.60039370078741
"LCD (LED)",250.7,4.00984086202183,84.56023622047243
"LCD (LED)",252.1,5.313387441690587,99.52125984251968
"LCD (LED)",256,4.2893896223016945,85.60039370078741
"LCD (LED)",256,5.422817343081843,97.51850393700788
"LCD (LED)",256.4,5.388586341458297,97.51614173228346
"LCD (LED)",256.93,5.007525854584564,97.51771653543307
"LCD (LED)",258,4.145297952180938,84.56023622047243
"LCD (LED)",259,4.1310937560811105,84.56023622047243
"LCD (LED)",260,1.7976189511715273,64.52637795275591
"LCD (LED)",260,5.529345929280184,99.52125984251968
"LCD (LED)",260.1,4.0282829461460175,84.56023622047243
"LCD (LED)",260.42,2.5444435864160626,74.54330708661418
"LCD (LED)",262,1.7647878877196552,64.52637795275591
"LCD (LED)",262.49,3.5510390682319684,84.56023622047243
"LCD (LED)",263,1.746134707333428,64.52637795275591
"LCD (LED)",264.81,5.005696950959268,99.52125984251968
"LCD (LED)",266,4.00984086202183,84.56023622047243
"LCD (LED)",267,2.9053437500483668,74.54251968503937
"LCD (LED)",269,2.873382391114767,74.54251968503937
"LCD (LED)",270,4.051470647123762,85.59881889763778
"LCD (LED)",270.3,3.5138143216110955,84.56023622047243
"LCD (LED)",271,1.609064679434909,64.4996062992126
"LCD (LED)",271,2.8416473664139534,74.54251968503937
"LCD (LED)",272.5,3.8828285516263286,84.56023622047243
"LCD (LED)",273,2.805651830580815,74.54251968503937
"LCD (LED)",277.9,2.303883489515367,74.52992125984252
"LCD (LED)",278.5,3.1881826824802952,84.56023622047243
"LCD (LED)",280,1.4665188304375503,64.52637795275591
"LCD (LED)",280.55,3.5055839279471974,84.7751968503937
"LCD (LED)",280.7,3.7419471627696193,84.56023622047243
"LCD (LED)",281,2.2560386921709505,74.52992125984252
"LCD (LED)",282,1.4360180410178471,64.52637795275591
"LCD (LED)",284.19,2.0260131934329992,74.54330708661418
"LCD (LED)",285,2.61697877339104,74.54251968503937
"LCD (LED)",286,2.5998249912305393,74.54251968503937
"LCD (LED)",286,3.685955601603823,84.56023622047243
"LCD (LED)",287.2,3.320996248832184,85.6011811023622
"LCD (LED)",288,1.341487937254744,64.52637795275591
"LCD (LED)",289,4.878897864259041,97.52047244094489
"LCD (LED)",292,2.506635203616076,74.54251968503937
"LCD (LED)",292,3.5635163480816754,84.56023622047243
"LCD (LED)",292.93,3.5055839793202916,84.56023622047243
"LCD (LED)",294,3.5635163480816754,84.56023622047243
"LCD (LED)",295.9,4.526346449700096,99.52362204724409
"LCD (LED)",297,1.1992218706343978,64.4996062992126
"LCD (LED)",297.5,4.191691627513516,97.51614173228346
"LCD (LED)",298.5,3.5018497413173733,85.63700787401575
"LCD (LED)",299.4,4.191691627513516,97.51614173228346
"LCD (LED)",303,3.4281405039189154,84.56023622047243
"LCD (LED)",304,3.4120057605934937,84.56023622047243
"LCD (LED)",305.2,3.3875961767535685,84.5027559055118
"LCD (LED)",306,1.069303351009141,64.52637795275591
"LCD (LED)",306,2.7160179479974795,84.56023622047243
"LCD (LED)",306.7,2.2897021939727447,74.54330708661418
"LCD (LED)",308,1.037273982354708,64.4996062992126
"LCD (LED)",308,4.594530914578515,97.51614173228346
"LCD (LED)",310,1.0096826918056427,64.52637795275591
"LCD (LED)",320,4.488111325276538,99.52125984251968
"LCD (LED)",321,2.0836114818902964,74.51771653543307
"LCD (LED)",322,2.071514167786689,74.54251968503937
"LCD (LED)",323,4.191691627513516,97.51614173228346
"LCD (LED)",328,3.180715174482618,85.60039370078741
"LCD (LED)",332,4.258270181780565,97.51496062992125
"LCD (LED)",334.5,2.5635163480816754,84.56023622047243
"LCD (LED)",335.3,3.78340918698233,97.48188976377953
"LCD (LED)",336,1.8796746997318803,74.52992125984252
"LCD (LED)",337,2.9531479926420383,84.56023622047243
"LCD (LED)",337,4.189669496698741,97.48188976377953
"LCD (LED)",338,2.9386332589243565,84.56023622047243
"LCD (LED)",339,1.8416473664139523,74.54251968503937
"LCD (LED)",340,1.8253098585270005,74.52992125984252
"LCD (LED)",340,1.8272144389057443,74.54251968503937
"LCD (LED)",350,2.8914909474885144,85.60039370078741
"LCD (LED)",350,4.01101469876056,97.51771653543307
"LCD (LED)",354.9,3.5158736280957794,97.51771653543307
"LCD (LED)",360,2.657794628447642,84.56023622047243
"LCD (LED)",373,2.497368724741504,84.56023622047243
"LCD (LED)",379.07,3.5008157002390408,99.65984251968504
"LCD (LED)",389,2.310883880229027,84.56023622047243
"LCD (LED)",389,3.550101644601151,97.51496062992125
"LCD (LED)",395,1.1559993114001974,74.54251968503937
"LCD (LED)",396,1.144800389388391,74.52992125984252
"LCD (LED)",396,2.232835580140418,84.56023622047243
"LCD (LED)",408.9,1.6611986697185854,84.56023622047243
"LCD (LED)",412,2.0153655228214453,84.56023622047243
"LCD (LED)",438,3.0196798283056934,97.52047244094489
"LCD (LED)",439,1.7715161200342038,84.56023622047243
"LCD (LED)",440,1.7603613660043103,84.56023622047243
"LCD (LED)",440.5,2.5669735573093817,97.48188976377953
"LCD (LED)",454,1.7265120677230028,85.60039370078741
"LCD (LED)",600,2.163316987564067,114.45629921259842
"OLED",60,4.705189047533716,41.54330708661417
"OLED",63,4.527878970799845,41.54330708661417
"OLED",64.6,5.1471093957013325,49.5003937007874
"OLED",65,4.375951875098368,41.54330708661417
"OLED",68,4.085735586348889,41.54763779527559
"OLED",70,4.051852607368282,41.54330708661417
"OLED",70,6.25848663027421,54.63897637795275
"OLED",73,3.8315494183737586,41.54330708661417
"OLED",74,4.86693285915705,47.52795275590551
"OLED",74.4,4.851142784766627,47.5248031496063
"OLED",74.74,5.977526543341521,54.664173228346456
"OLED",75,4.817955102606061,47.52795275590551
"OLED",76,4.753473125119566,47.52795275590551
"OLED",77,4.67338811583935,47.520866141732284
"OLED",77,4.689905816504032,47.52795275590551
"OLED",78,4.610928287797283,47.520866141732284
"OLED",78,4.642815154297896,47.52795275590551
"OLED",78.58,5.307388036506728,54.63897637795275
"OLED",79,4.580787588050276,47.52795275590551
"OLED",80.3,4.003721725242305,47.527165354330705
"OLED",84,4.226233251794239,47.5248031496063
"OLED",84,4.28214341530283,47.520866141732284
"OLED",84,5.450120486983198,54.63897637795275
"OLED",86,5.349732478648492,54.63897637795275
"OLED",87,6.68346052076461,64.52637795275591
"OLED",88,5.237691139975824,54.63897637795275
"OLED",88.3,4.546877182237033,54.63897637795275
"OLED",89,4.058088621224549,47.52795275590551
"OLED",90.1,4.000700737851957,54.548818897637794
"OLED",92,5.048116404602346,54.63897637795275
"OLED",92.33,6.045013280653004,64.5259842519685
"OLED",93,4.995393206865746,54.63897637795275
"OLED",95,4.880351668599854,54.65275590551182
"OLED",95,4.904594324171205,54.63897637795275
"OLED",96,4.842211692706378,54.65275590551182
"OLED",96,4.8535234567239876,54.63897637795275
"OLED",96.5,4.839782994637874,54.64488188976378
"OLED",98,4.742064058771265,54.65275590551182
"OLED",99,4.705078263268265,54.65275590551182
"OLED",99,4.716007447308886,54.63897637795275
"OLED",99.5,4.292298502011051,54.64488188976378
"OLED",100,4.617518264838292,54.64488188976378
"OLED",100,4.667029690757898,54.63897637795275
"OLED",101,4.630644483160877,54.63897637795275
"OLED",102,4.582585898004297,54.63897637795275
"OLED",103,4.524594001452291,54.65275590551182
"OLED",103,5.936976031991449,64.52637795275591
"OLED",103.3,4.000700737851957,54.548818897637794
"OLED",103.6,4.4635838140673165,54.64488188976378
"OLED",103.7,4.440363968763781,54.64488188976378
"OLED",106,4.3967108199896465,54.65275590551182
"OLED",106,4.418326982915042,54.63897637795275
"OLED",106,5.808425832669458,64.52637795275591
"OLED",107,4.351098007717853,54.65275590551182
"OLED",107,5.762579702720538,64.52637795275591
"OLED",107.8,7.295724706334558,76.43267716535433
"OLED",108.3,5.066927359125772,64.5259842519685
"OLED",109,4.293361671010194,54.63897637795275
"OLED",109,5.68346052076461,64.52637795275591
"OLED",111,4.204617778661293,54.63897637795275
"OLED",112,5.561885564963837,64.52637795275591
"OLED",112.7,5.066881362898524,64.52637795275591
"OLED",113.4,4.000233788824486,64.66496062992125
"OLED",114,5.472198053824738,64.51062992125983
"OLED",114.8,5.027996779523445,64.52637795275591
"OLED",115,4.053423000980519,54.63897637795275
"OLED",115,5.443521850734936,64.52637795275591
"OLED",117.9,5.288144223027779,64.51889763779526
"OLED",118,5.328204093107946,64.52637795275591
"OLED",121,5.1941595831467815,64.50905511811024
"OLED",121,5.215779448604507,64.52637795275591
"OLED",121.1,5.146826473886623,64.51889763779526
"OLED",122,3.7668919345623704,54.65275590551182
"OLED",122,5.175587070514531,64.52637795275591
"OLED",122,5.17563306674178,64.5259842519685
"OLED",122.1,5.136900843876218,64.51889763779526
"OLED",124,5.084972296619138,64.50905511811024
"OLED",124,5.106106297063303,64.52637795275591
"OLED",125,5.055649922970425,64.50905511811024
"OLED",125,5.066881362898524,64.52637795275591
"OLED",126,5.037686340309588,64.52637795275591
"OLED",126,6.507230706659042,76.66850393700787
"OLED",130,4.8944977981427975,64.52637795275591
"OLED",131,4.8570744481591746,64.52637795275591
"OLED",131.1,5.804199982629451,76.64448818897637
"OLED",132,4.809251879677063,64.50905511811024
"OLED",133,4.772518722227953,64.50905511811024
"OLED",135,4.534774123722858,64.51889763779526
"OLED",135,6.198044664397833,76.66850393700787
"OLED",136,4.622304642988203,64.51889763779526
"OLED",139.4,4.000233788824486,64.66496062992125
"OLED",140,4.549516492201622,64.50905511811024
"OLED",140,4.559751351895967,64.5259842519685
"OLED",140,6.037976930458328,76.66850393700787
"OLED",143,5.942899842075888,76.66850393700787
"OLED",143,5.942939213950808,76.66811023622047
"OLED",145,4.405453871887269,64.52637795275591
"OLED",146,4.353715810350296,64.50905511811024
"OLED",147,4.3468723825707976,64.52637795275591
"OLED",147.7,5.778283941245271,76.83976377952756
"OLED",152,5.669203581321107,76.66850393700787
"OLED",152.2,5.629745196783028,76.66377952755906
"OLED",153,5.637136037566116,76.66850393700787
"OLED",154,4.13575196273349,64.52637795275591
"OLED",154,5.605296329082943,76.66850393700787
"OLED",154,5.605335700957863,76.66811023622047
"OLED",156,5.550115436958399,76.66850393700787
"OLED",158,5.495605745230539,76.66850393700787
"OLED",162.34,2.089040547865956,54.64488188976378
"OLED",163,5.358408700371743,76.66850393700787
"OLED",169,5.196234355297181,76.66850393700787
"OLED",169.7,5.1250055072718785,76.66377952755906
"OLED",170,5.152245541075576,76.65826771653543
"OLED",172,3.6477978012245944,64.5259842519685
"OLED",174,5.060747533105207,76.66850393700787
"OLED",178,4.949746932968969,76.66850393700787
"OLED",179,5.569202635476063,82.51377952755905
"OLED",181,5.521635940497602,82.51377952755905
"OLED",182,4.861540510051958,76.66850393700787
"OLED",183,4.827312598314211,76.65826771653543
"OLED",187,4.728380984251501,76.65826771653543
"OLED",188.5,4.265319907748774,78.16771653543307
"OLED",189,5.329782018752292,82.51377952755905
"OLED",193,5.23367926268964,82.51377952755905
"OLED",195,4.556387544515083,76.66850393700787
"OLED",196,4.531351612821171,76.66850393700787
"OLED",200,5.077950594484448,82.51377952755905
"OLED",205.62,1.0264384592928637,54.64488188976378
"OLED",207,4.883152215937381,82.53385826771654
"OLED",212,4.81636111148965,82.51377952755905
"OLED",214,4.764684970587185,82.51377952755905
"OLED",216,4.097422878832864,76.66850393700787
"OLED",217,4.707933725694868,82.51338582677165
"OLED",217,4.707957376187206,82.51377952755905
"OLED",219,6.029915935369911,96.51377952755905
"OLED",220,3.865573586776292,76.66850393700787
"OLED",220,4.013235929990582,76.66850393700787
"OLED",228,5.849211107706925,96.51377952755905
"OLED",238,3.6656648982977846,76.66850393700787
"OLED",242,4.222284206102421,82.51377952755905
"OLED",244,5.5482619849107095,96.51377952755905
"OLED",251.06,1.527263221904195,64.51614173228347
"OLED",251.06,1.528150333884728,64.52637795275591
"OLED",253,5.3856417632822415,96.51377952755905
"OLED",258,5.299365770156127,96.51377952755905
"OLED",262,3.234332254069108,76.66850393700787
"OLED",272,3.0691844733776397,76.66850393700787
"OLED",320,3.4899731293288854,87.59606299212598
"OLED",320,3.493801766996808,87.59606299212598
"OLED",349,3.1054920388527556,87.59291338582676
"OLED",446.3,3.0092711879419327,99.50826771653543
